a,b,c,d,e,f,g,h
https://airbnb.com/rooms/45827691,Great Room in a House close to the strip - null - Las Vegas,Private room in Las Vegas,2 guests Â· 1 bedroom Â· 1 bed Â· 1 shared bath,$21 / night,WifiÂ·AirconditioningÂ·PoolÂ·Kitchen,Rating 4.80 out of 5;4.805 reviewsÂ (5),5 reviews
https://airbnb.com/rooms/44685536,Cozy Studio with Private Entrance - null - Las Vegas,Entire house in Las Vegas,2 guests Â· Studio Â· 1 bed Â· 1 bath,$46 / night,WifiÂ·AirconditioningÂ·KitchenÂ·Freeparking,Rating 4.91 out of 5;4.9145 reviewsÂ (45),45 reviews
https://airbnb.com/rooms/45269857,Upstairs bedroom and private bath in Large House - null - Las Vegas,Private room in Las Vegas,2 guests Â· 1 bedroom Â· 1 bed Â· 2 shared baths,$31 / night,WifiÂ·AirconditioningÂ·KitchenÂ·Freeparking,Rating 4.90 out of 5;4.9010 reviewsÂ (10),10 reviews
https://airbnb.com/rooms/44416011,Eggeman 8 - null - Las Vegas,Entire condominium in Las Vegas,4 guests Â· 2 bedrooms Â· 3 beds Â· 1.5 baths,$51 / night,WifiÂ·AirconditioningÂ·PoolÂ·Kitchen,Rating 4.92 out of 5;4.9237 reviewsÂ (37),37 reviews
https://airbnb.com/rooms/40022023,"19H#Safe,Gated,Apt,W/Kitchn&Bath,StdioFor2,OldTown - null - Las Vegas",Entire apartment in Las Vegas,2 guests Â· Studio Â· 2 beds Â· 1 bath,$42 / night,WifiÂ·AirconditioningÂ·PoolÂ·Kitchen,Rating 4.75 out of 5;4.75103 reviewsÂ (103),103 reviews
https://airbnb.com/rooms/45840505,Tahiti Village Moorea 1 BR Suite FRIDAY Check-In - null - Las Vegas,Entire condominium in Las Vegas,4 guests Â· 1 bedroom Â· 2 beds Â· 1 bath,$56 / night,WifiÂ·AirconditioningÂ·PoolÂ·Freeparking,Rating 5.0 out of 5;5.04 reviewsÂ (4),4 reviews
https://airbnb.com/rooms/33911967,"suite, private, economical and comfortable - null - Las Vegas",Entire guest suite in Las Vegas,2 guests Â· 1 bedroom Â· 1 bed Â· 1 bath,$61 / night,WifiÂ·AirconditioningÂ·KitchenÂ·Freeparking,Rating 4.93 out of 5;4.93176 reviewsÂ (176),176 reviews
https://airbnb.com/rooms/41472772,Silverado Ranch area bedroom 2 - null - Las Vegas,Private room in Las Vegas,2 guests Â· 1 bedroom Â· 1 bed Â· 1.5 shared baths,$24 / night,WifiÂ·AirconditioningÂ·KitchenÂ·Selfcheck-in,Rating 4.74 out of 5;4.7431 reviewsÂ (31),31 reviews
https://airbnb.com/rooms/28209808,Private place close to Fremont Street! G67-00863 - null - Las Vegas,Private room in Las Vegas,2 guests Â· 1 bedroom Â· 2 beds Â· 1 private bath,$40 / night,WifiÂ·AirconditioningÂ·FreeparkingÂ·Petsallowed,Rating 4.74 out of 5;4.74152 reviewsÂ (152),152 reviews
https://airbnb.com/rooms/42742801,Private entrance (Old Fashioned Studio) - null - Las Vegas,Entire apartment in Las Vegas,2 guests Â· 1 bedroom Â· 1 bed Â· 1 bath,$53 / night,WifiÂ·AirconditioningÂ·KitchenÂ·Freeparking,Rating 4.94 out of 5;4.9416 reviewsÂ (16),16 reviews
https://airbnb.com/rooms/44508011,Private downtown bungalow near Fremont experience - null - Las Vegas,Private room in Las Vegas,2 guests Â· 1 bedroom Â· 1 bed Â· 1 private bath,$41 / night,WifiÂ·AirconditioningÂ·Freeparking,Rating 4.96 out of 5;4.9626 reviewsÂ (26),26 reviews
https://airbnb.com/rooms/46511934,Golden Treasure - null - Las Vegas,Entire apartment in Las Vegas,2 guests Â· Studio Â· 1 bed Â· 1 bath,$64 / night,WifiÂ·AirconditioningÂ·KitchenÂ·Freeparking,Rating 5.0 out of 5;5.04 reviewsÂ (4),4 reviews
https://airbnb.com/rooms/44523506,"Cozy guest room, 12 min away from the strip - null - Las Vegas",Private room in Las Vegas,2 guests Â· 1 bedroom Â· 1 bed Â· 1 shared bath,$32 / night,AirconditioningÂ·KitchenÂ·WasherÂ·Dryer,Rating 4.85 out of 5;4.8513 reviewsÂ (13),13 reviews
https://airbnb.com/rooms/37470745,Gigablast WIFI Private room with own bathroom - null - Las Vegas,Private room in Las Vegas,1 guest Â· 1 bedroom Â· 1 bed Â· 1 private bath,$27 / night,WifiÂ·AirconditioningÂ·WasherÂ·Dryer,Rating 5.0 out of 5;5.019 reviewsÂ (19),19 reviews
https://airbnb.com/rooms/22294103,Private Vegas Getaway Guesthouse - null - Las Vegas,Entire guesthouse in Las Vegas,4 guests Â· 1 bedroom Â· 2 beds Â· 1 bath,$38 / night,WifiÂ·AirconditioningÂ·KitchenÂ·Freeparking,Rating 5.0 out of 5;5.07 reviewsÂ (7),7 reviews
https://airbnb.com/rooms/22951918,Location! Coffee Condo! South Point Casino - null - Las Vegas,Entire townhouse in Las Vegas,3 guests Â· 1 bedroom Â· 1 bed Â· 1 bath,$61 / night,WifiÂ·AirconditioningÂ·PoolÂ·Kitchen,Rating 4.91 out of 5;4.9111 reviewsÂ (11),11 reviews
https://airbnb.com/rooms/37003280,Comfy Room in a Great House. Close to Downtown. - null - Las Vegas,Private room in Las Vegas,2 guests Â· 1 bedroom Â· 1 bed Â· 1 shared bath,$23 / night,WifiÂ·AirconditioningÂ·PoolÂ·Kitchen,,
https://airbnb.com/rooms/39168993,"Nasalga's Place, room #2 - null - Las Vegas",Private room in Las Vegas,2 guests Â· 1 bedroom Â· 1 bed Â· 1 private bath,$25 / night,WifiÂ·AirconditioningÂ·PoolÂ·Kitchen,Rating 4.87 out of 5;4.8733 reviewsÂ (33),33 reviews
https://airbnb.com/rooms/45166247,Private Room & Bath Close to Downtown Las Vegas 3 - null - North Las Vegas,Private room in North Las Vegas,2 guests Â· 1 bedroom Â· 1 bed Â· 1 private bath,$31 / night,WifiÂ·AirconditioningÂ·FreeparkingÂ·Selfcheck-in,Rating 4.55 out of 5;4.5522 reviewsÂ (22),22 reviews
https://airbnb.com/rooms/17704451,Modern totally private guest suite w/lockbox entry - null - Las Vegas,Entire guest suite in Las Vegas,3 guests Â· 1 bedroom Â· 1 bed Â· 1 bath,$54 / night,WifiÂ·AirconditioningÂ·FreeparkingÂ·Selfcheck-in,Rating 4.81 out of 5;4.81409 reviewsÂ (409),409 reviews
https://airbnb.com/rooms/16873778,Beautiful Guest-House Casita w/ Luxurious Shower. - null - Las Vegas,Entire guesthouse in Las Vegas,3 guests Â· 1 bedroom Â· 2 beds Â· 1 bath,$35 / night,WifiÂ·Freeparking,Rating 4.94 out of 5;4.94172 reviewsÂ (172),172 reviews
https://airbnb.com/rooms/39870034,Beautiful aparment - null - Las Vegas,Entire house in Las Vegas,2 guests Â· Studio Â· 2 beds Â· 1 bath,$53 / night,WifiÂ·Freeparking,Rating 4.89 out of 5;4.89164 reviewsÂ (164),164 reviews
https://airbnb.com/rooms/37685192,1-BR 10mins from Downtown Las Vegas - null - Las Vegas,Entire guesthouse in Las Vegas,2 guests Â· 1 bedroom Â· 1 bed Â· 1.5 baths,$57 / night,WifiÂ·Freeparking,Rating 4.90 out of 5;4.90183 reviewsÂ (183),183 reviews
https://airbnb.com/rooms/45439619,"Tahiti Village Bora, Bora in Las Vegas 1 BR Suite, Sleeps 4 FRIDAY Check-In - null - Las Vegas",Entire condominium in Las Vegas,4 guests Â· 1 bedroom Â· 2 beds Â· 1 bath,$61 / night,HottubÂ·PoolÂ·WifiÂ·Freeparking,Rating 5.0 out of 5;5.04 reviewsÂ (4),4 reviews
https://airbnb.com/rooms/44494637,Sparkling clean comfy Queen bed. - null - Las Vegas,Private room in Las Vegas,2 guests Â· 1 bedroom Â· 0 beds Â· 1 shared bath,$28 / night,PoolÂ·WifiÂ·Freeparking,Rating 4.85 out of 5;4.8520 reviewsÂ (20),20 reviews
https://airbnb.com/rooms/45301816,Gorgeous Guest House 400 square feet Very clean. - null - Las Vegas,Entire guesthouse in Las Vegas,4 guests Â· 1 bedroom Â· 2 beds Â· 1 bath,$59 / night,WifiÂ·Freeparking,Rating 4.84 out of 5;4.8457 reviewsÂ (57),57 reviews
https://airbnb.com/rooms/31123139,Fremont Experience- Sparkling clean/self check-in! - null - Las Vegas,Private room in Las Vegas,2 guests Â· 1 bedroom Â· 1 bed Â· 1 shared bath,$53 / night,WifiÂ·Freeparking,Rating 4.82 out of 5;4.8271 reviewsÂ (71),71 reviews
https://airbnb.com/rooms/45065614,The Inn on George Place - null - Las Vegas,Entire guesthouse in Las Vegas,2 guests Â· 1 bedroom Â· 1 bed Â· 1 bath,$46 / night,Wifi,,
https://airbnb.com/rooms/45380994,Clean Quiet Room Near Fremont Experience & Strip 2 - null - Las Vegas,Private room in Las Vegas,2 guests Â· 1 bedroom Â· 1 bed Â· 1 shared bath,$26 / night,WifiÂ·Freeparking,Rating 4.86 out of 5;4.867 reviewsÂ (7),7 reviews
https://airbnb.com/rooms/38976715,10 min. to Strip/L.G. Private Room/TV/Wifi/Parking - null - Las Vegas,Private room in Las Vegas,2 guests Â· 1 bedroom Â· 1 bed Â· 1.5 shared baths,$30 / night,WifiÂ·Freeparking,Rating 4.49 out of 5;4.4992 reviewsÂ (92),92 reviews
https://airbnb.com/rooms/46035634,spacious private room & bath in clean bright condo - null - Las Vegas,Private room in Las Vegas,2 guests Â· 1 bedroom Â· 1 bed Â· 1 private bath,$28 / night,WifiÂ·Freeparking,Rating 4.63 out of 5;4.6316 reviewsÂ (16),16 reviews
https://airbnb.com/rooms/44284592,"21D#Safe,Gated,Apt,W/Kitchn&Bath,StdioFor2,OldTown - null - Las Vegas",Entire apartment in Las Vegas,2 guests Â· Studio Â· 2 beds Â· 1 bath,$49 / night,PoolÂ·WifiÂ·Freeparking,Rating 4.72 out of 5;4.7246 reviewsÂ (46),46 reviews
https://airbnb.com/rooms/41316351,Las Vegas Guest Apartment - null - Las Vegas,Entire guest suite in Las Vegas,4 guests Â· Studio Â· 2 beds Â· 1 bath,$55 / night,WifiÂ·Freeparking,Rating 4.82 out of 5;4.82103 reviewsÂ (103),103 reviews
https://airbnb.com/rooms/24700496,The Bohemian (31 night min) at Bed & Bay Inn - null - Las Vegas,Entire guest suite in Las Vegas,2 guests Â· 1 bedroom Â· 1 bed Â· 1 bath,$75 / night,WifiÂ·Freeparking,,
https://airbnb.com/rooms/33659840,Cozy Suite Bedroom near the Strip - null - Las Vegas,Private room in Las Vegas,1 guest Â· 1 bedroom Â· 1 bed Â· 1 private bath,$31 / night,HottubÂ·PoolÂ·WifiÂ·Freeparking,Rating 4.96 out of 5;4.96104 reviewsÂ (104),104 reviews
https://airbnb.com/rooms/43469550,Beautiful 3 Bedroom and 2 bathroom condo - null - Las Vegas,Entire apartment in Las Vegas,6 guests Â· 3 bedrooms Â· 3 beds Â· 2 baths,$75 / night,HottubÂ·PoolÂ·WifiÂ·Freeparking,,
https://airbnb.com/rooms/24268213,"Lovely condo, off The Strip, Free parking/Spa/Pool - null - Las Vegas",Entire condominium in Las Vegas,4 guests Â· 1 bedroom Â· 1 bed Â· 1 bath,$52 / night,HottubÂ·PoolÂ·WifiÂ·Freeparking,Rating 4.70 out of 5;4.70183 reviewsÂ (183),183 reviews
https://airbnb.com/rooms/29337338,Beautiful bedroom near center of Vegas â€œ1â€ - null - Las Vegas,Private room in Las Vegas,2 guests Â· 1 bedroom Â· 1 bed Â· 1 shared bath,$22 / night,WifiÂ·Freeparking,Rating 4.33 out of 5;4.33168 reviewsÂ (168),168 reviews
https://airbnb.com/rooms/46056887,PRIVATE BEDROOM QUEEN w POOL Minutes from STRIP - null - Las Vegas,Private room in Las Vegas,2 guests Â· 1 bedroom Â· 1 bed Â· 0 shared baths,$39 / night,PoolÂ·WifiÂ·Freeparking,Rating 5.0 out of 5;5.011 reviewsÂ (11),11 reviews
https://airbnb.com/rooms/21056828,ON THE STRIP - null - Las Vegas,Entire apartment in Las Vegas,3 guests Â· Studio Â· 2 beds Â· 1 bath,$66 / night,WifiÂ·Freeparking,Rating 4.80 out of 5;4.80399 reviewsÂ (399),399 reviews
https://airbnb.com/rooms/24700496,The Bohemian (31 night min) at Bed & Bay Inn - null - Las Vegas,Entire guest suite in Las Vegas,2 guests Â· 1 bedroom Â· 1 bed Â· 1 bath,$75 / night,WifiÂ·Freeparking,,
https://airbnb.com/rooms/45619471,"Tahiti Village Bora, Bora in Las Vegas 1 BR Suite, Sleeps 4 FRIDAY Check-In - null - Las Vegas",Entire condominium in Las Vegas,4 guests Â· 1 bedroom Â· 2 beds Â· 1 bath,$69 / night,HottubÂ·PoolÂ·WifiÂ·Freeparking,Rating 5.0 out of 5;5.03 reviewsÂ (3),3 reviews
https://airbnb.com/rooms/45269857,Upstairs bedroom and private bath in Large House - null - Las Vegas,Private room in Las Vegas,2 guests Â· 1 bedroom Â· 1 bed Â· 2 shared baths,$31 / night,WifiÂ·Freeparking,Rating 4.90 out of 5;4.9010 reviewsÂ (10),10 reviews
https://airbnb.com/rooms/47058167,Tahiti village deluxe unit - null - Las Vegas,Entire villa in Las Vegas,4 guests Â· 1 bedroom Â· 2 beds Â· 1 bath,$75 / night,HottubÂ·PoolÂ·WifiÂ·Freeparking,,
https://airbnb.com/rooms/21056828,ON THE STRIP - null - Las Vegas,Entire apartment in Las Vegas,3 guests Â· Studio Â· 2 beds Â· 1 bath,$66 / night,WifiÂ·Freeparking,Rating 4.80 out of 5;4.80399 reviewsÂ (399),399 reviews
https://airbnb.com/rooms/20207792,Beautiful home in perfect location. - null - Las Vegas,Entire guest suite in Las Vegas,6 guests Â· 3 bedrooms Â· 3 beds Â· 2 baths,$101 / night,WifiÂ·Freeparking,Rating 4.91 out of 5;4.91363 reviewsÂ (363),363 reviews
https://airbnb.com/rooms/40293971,"21E#Safe,Gated,Apt,W/Kitchn&Bath,StdioFor2,OldTown - null - Las Vegas",Entire apartment in Las Vegas,2 guests Â· Studio Â· 2 beds Â· 1 bath,$42 / night,PoolÂ·WifiÂ·Freeparking,Rating 4.64 out of 5;4.6488 reviewsÂ (88),88 reviews
https://airbnb.com/rooms/47226965,The Experience - null - Las Vegas,Entire condominium in Las Vegas,6 guests Â· 2 bedrooms Â· 2 beds Â· 2 baths,$85 / night,HottubÂ·PoolÂ·WifiÂ·Freeparking,,
https://airbnb.com/rooms/46549836,Relaxing quiet condo  2 bedroom/2bath near Redrock - null - Las Vegas,Entire condominium in Las Vegas,4 guests Â· 2 bedrooms Â· 2 beds Â· 2 baths,$69 / night,PoolÂ·WifiÂ·Freeparking,,
https://airbnb.com/rooms/44594668,"Desert Rose Resort, 1BDRM deluxe - null - Las Vegas",Entire villa in Las Vegas,4 guests Â· 1 bedroom Â· 2 beds Â· 1 bath,$73 / night,PoolÂ·WifiÂ·Freeparking,,
https://airbnb.com/rooms/45508549,The Santa Fe Room (31 nights min) at Bed & Bay Inn - null - Las Vegas,Private room in Las Vegas,2 guests Â· 1 bedroom Â· 2 beds Â· 1 shared bath,$25 / night,WifiÂ·Freeparking,,
https://airbnb.com/rooms/46511934,Golden Treasure - null - Las Vegas,Entire apartment in Las Vegas,2 guests Â· Studio Â· 1 bed Â· 1 bath,$64 / night,WifiÂ·Freeparking,Rating 5.0 out of 5;5.04 reviewsÂ (4),4 reviews
https://airbnb.com/rooms/42984256,"The Escondido, a Bed & Bay Inn (31 night min) - null - Las Vegas",Entire house in Las Vegas,7 guests Â· 3 bedrooms Â· 3 beds Â· 2 baths,$147 / night,WifiÂ·Freeparking,,
https://airbnb.com/rooms/46596793,Artistic Boutique Hotel - King Bed - null - Las Vegas,Room in boutique hotel in Las Vegas,2 guests Â· 1 bedroom Â· 1 bed Â· 1 private bath,$61 / night,PoolÂ·WifiÂ·Freeparking,Rating 4.67 out of 5;4.676 reviewsÂ (6),6 reviews
https://airbnb.com/rooms/46646295,Amazing Penthouse with Strip Views (5CXXD) - null - Las Vegas,Entire apartment in Las Vegas,6 guests Â· 2 bedrooms Â· 3 beds Â· 2 baths,$123 / night,HottubÂ·PoolÂ·WifiÂ·Freeparking,Rating 4.0 out of 5;4.03 reviewsÂ (3),3 reviews
https://airbnb.com/rooms/46939194,"Wyndham Grand Desert 2 BR Suite, FRIDAY Check-In - null - Las Vegas",Entire condominium in Las Vegas,8 guests Â· 2 bedrooms Â· 4 beds Â· 2 baths,$65 / night,HottubÂ·PoolÂ·WifiÂ·Freeparking,,
https://airbnb.com/rooms/47055369,All-inclusive apartment home | 1BR in Henderson - null - Henderson,Entire serviced apartment in Henderson,3 guests Â· 1 bedroom Â· 1 bed Â· 1 bath,$92 / night,PoolÂ·Wifi,,
https://airbnb.com/rooms/14383804,SALT WATER POOL * MID CENTURY LUXE * SLEEPS 6 - null - Las Vegas,Entire house in Las Vegas,6 guests Â· 3 bedrooms Â· 4 beds Â· 2 baths,$117 / night,PoolÂ·WifiÂ·Freeparking,Rating 4.94 out of 5;4.9455 reviewsÂ (55),55 reviews
https://airbnb.com/rooms/46263193,"Master bedroom in a new, CLEAN, safe home! - null - Las Vegas",Private room in Las Vegas,1 guest Â· 1 bedroom Â· 1 bed Â· 1.5 baths,$29 / night,WifiÂ·Freeparking,,
https://airbnb.com/rooms/44472030,Tahiti Village Moorea 1 BR Suite FRIDAY Check-In - null - Las Vegas,Entire condominium in Las Vegas,4 guests Â· 1 bedroom Â· 2 beds Â· 1 bath,$62 / night,HottubÂ·PoolÂ·WifiÂ·Freeparking,Rating 4.91 out of 5;4.9111 reviewsÂ (11),11 reviews
https://airbnb.com/rooms/46815482,Unique Boutique Hotel 2 Bed - null - Las Vegas,Room in boutique hotel in Las Vegas,4 guests Â· 1 bedroom Â· 2 beds Â· 1 private bath,$58 / night,PoolÂ·WifiÂ·Freeparking,,
https://airbnb.com/rooms/33911967,"suite, private, economical and comfortable - null - Las Vegas",Entire guest suite in Las Vegas,2 guests Â· 1 bedroom Â· 1 bed Â· 1 bath,$61 / night,WifiÂ·Freeparking,Rating 4.93 out of 5;4.93176 reviewsÂ (176),176 reviews
https://airbnb.com/rooms/47055612,The Cambridge Loft! - null - Las Vegas,Entire loft in Las Vegas,4 guests Â· 2 bedrooms Â· 2 beds Â· 2 baths,$100 / night,WifiÂ·Freeparking,,
https://airbnb.com/rooms/34249991,"Luxurious, Spacious & Clean Condo in  Las Vegas - null - Las Vegas",Entire serviced apartment in Las Vegas,4 guests Â· 1 bedroom Â· 2 beds Â· 1 bath,$71 / night,HottubÂ·PoolÂ·WifiÂ·Freeparking,Rating 5.0 out of 5;5.09 reviewsÂ (9),9 reviews
https://airbnb.com/rooms/42761884,Pool house summerlin area  3 bed 2 bath - null - Las Vegas,Entire bungalow in Las Vegas,6 guests Â· 3 bedrooms Â· 4 beds Â· 2 baths,$119 / night,PoolÂ·WifiÂ·Freeparking,,
https://airbnb.com/rooms/42906233,"2B/2B, BY The Strip, Pool View Balcony  (4C19) - null - Las Vegas",Entire apartment in Las Vegas,6 guests Â· 2 bedrooms Â· 2 beds Â· 2 baths,$84 / night,HottubÂ·PoolÂ·WifiÂ·Freeparking,Rating 4.55 out of 5;4.5538 reviewsÂ (38),38 reviews
https://airbnb.com/rooms/40022023,"19H#Safe,Gated,Apt,W/Kitchn&Bath,StdioFor2,OldTown - null - Las Vegas",Entire apartment in Las Vegas,2 guests Â· Studio Â· 2 beds Â· 1 bath,$42 / night,PoolÂ·WifiÂ·Freeparking,Rating 4.75 out of 5;4.75103 reviewsÂ (103),103 reviews
https://airbnb.com/rooms/18805785,Private room with Private bathroom/Pool/Quiet/Safe - null - Las Vegas,Private room in Las Vegas,1 guest Â· 1 bedroom Â· 1 bed Â· 1.5 baths,$30 / night,HottubÂ·PoolÂ·Wifi,Rating 4.91 out of 5;4.9155 reviewsÂ (55),55 reviews
https://airbnb.com/rooms/24268213,"Lovely condo, off The Strip, Free parking/Spa/Pool - null - Las Vegas",Entire condominium in Las Vegas,4 guests Â· 1 bedroom Â· 1 bed Â· 1 bath,$52 / night,HottubÂ·PoolÂ·WifiÂ·Freeparking,Rating 4.70 out of 5;4.70183 reviewsÂ (183),183 reviews
https://airbnb.com/rooms/28408857,Las Vegas Palms Luxury suite 25th Floor. - null - Las Vegas,Hotel room in Las Vegas,4 guests Â· 1 bedroom Â· 2 beds Â· 1 bath,$130 / night,HottubÂ·PoolÂ·WifiÂ·Freeparking,Rating 4.48 out of 5;4.4896 reviewsÂ (96),96 reviews
https://airbnb.com/rooms/29777859,The Ravenna Room (31 night min) at Bed & Bay Inn - null - Las Vegas,Private room in Las Vegas,2 guests Â· 1 bedroom Â· 1 bed Â· 1 private bath,$41 / night,WifiÂ·Freeparking,,
https://airbnb.com/rooms/44504701,Your own resort-like condo with king size bed - null - Las Vegas,Entire condominium in Las Vegas,4 guests Â· 2 bedrooms Â· 2 beds Â· 2 baths,$56 / night,HottubÂ·PoolÂ·WifiÂ·Freeparking,,
https://airbnb.com/rooms/38798146,Elegant large TV/den room in Executive Style home - null - Las Vegas,Private room in Las Vegas,2 guests Â· 1 bedroom Â· 0 beds Â· 1 shared bath,$35 / night,WifiÂ·Freeparking,Rating 5.0 out of 5;5.029 reviewsÂ (29),29 reviews
https://airbnb.com/rooms/22329657,Beautiful And Safe Room Near Las Vegas Strip! - null - Las Vegas,Private room in Las Vegas,2 guests Â· 1 bedroom Â· 1 bed Â· 1.5 shared baths,$30 / night,PoolÂ·WifiÂ·Freeparking,Rating 4.89 out of 5;4.8962 reviewsÂ (62),62 reviews
https://airbnb.com/rooms/47105509,PRIVATE BEDROOM w POOL Minutes From STRIP - null - Las Vegas,Private room in Las Vegas,1 guest Â· 5 bedrooms Â· 1 bed Â· 1.5 shared baths,$24 / night,PoolÂ·WifiÂ·Freeparking,,
https://airbnb.com/rooms/27461014,Private bedroom near CSN (1/4) - null - Las Vegas,Private room in Las Vegas,1 guest Â· 1 bedroom Â· 1 bed Â· 1 shared bath,$25 / night,Wifi,Rating 4.80 out of 5;4.8010 reviewsÂ (10),10 reviews
https://airbnb.com/rooms/38409367,ğŸŒ¹æ¸©é¦¨èˆ’é€‚ğŸ‘¨â€â¤ï¸â€ğŸ‘¨  å…æ¸…æ´è´¹åå…è´¹æ—©é¤ğŸ¥£åå…è´¹åœè½¦åå…è´¹WiFi  è¶…æ¸…æ´å’Œå®‰é™ï¼Œæ€§ä»·æ¯”è¶…é«˜çš„ç¾ä¸½ä¹‹å®¶ - null - äº¨å¾·æ£®,Private room in äº¨å¾·æ£®,2 guests Â· 1 bedroom Â· 0 beds Â· 1 private bath,$39 / night,WifiÂ·Freeparking,Rating 4.95 out of 5;4.9522 reviewsÂ (22),22 reviews
https://airbnb.com/rooms/46028586,SNEAKY LITTLE GETAWAY TOO - null - Las Vegas,Entire apartment in Las Vegas,2 guests Â· 1 bedroom Â· 1 bed Â· 1 bath,$62 / night,WifiÂ·Freeparking,Rating 3.33 out of 5;3.336 reviewsÂ (6),6 reviews
https://airbnb.com/rooms/38975022,CLEAN & COMFY ROOM - 15MIN FROM STRIP - null - Las Vegas,Private room in Las Vegas,2 guests Â· 1 bedroom Â· 1 bed Â· 1.5 shared baths,$40 / night,Wifi,Rating 5.0 out of 5;5.05 reviewsÂ (5),5 reviews
https://airbnb.com/rooms/27465059,# Modern Apt near Strip UNLV Airport 2 Queen beds - null - Las Vegas,Entire condominium in Las Vegas,1 guest Â· 1 bedroom Â· 2 beds Â· 1 bath,$56 / night,WifiÂ·Freeparking,Rating 4.95 out of 5;4.95113 reviewsÂ (113),113 reviews
https://airbnb.com/rooms/27083598,Private Bedroom near CSN (2/4) - null - Las Vegas,Private room in Las Vegas,1 guest Â· 1 bedroom Â· 1 bed Â· 1 shared bath,$25 / night,WifiÂ·Selfcheck-inÂ·AirconditioningÂ·Kitchen,Rating 4.83 out of 5;4.836 reviewsÂ (6),6 reviews
https://airbnb.com/rooms/44402102,Home Away From Home. - null - Las Vegas,Entire house in Las Vegas,10 guests Â· Studio Â· 6 beds Â· 2 baths,$150 / night,AirconditioningÂ·IndoorfireplaceÂ·PoolÂ·Kitchen,,
https://airbnb.com/rooms/44989883,"On the Strip!  Ultra Luxury  Ultra Clean
4 B Condo - null - Las Vegas",Entire condominium in Las Vegas,8 guests Â· 4 bedrooms Â· 5 beds Â· 5 baths,$180 / night,GymÂ·ElevatorÂ·WifiÂ·Airconditioning,,
https://airbnb.com/rooms/45713616,NEW LISTING!! Work at home perfect master Bedroom. - null - Las Vegas,Private room in Las Vegas,1 guest Â· 1 bedroom Â· 1 bed Â· 1 private bath,$30 / night,WifiÂ·Selfcheck-inÂ·AirconditioningÂ·Pool,,
https://airbnb.com/rooms/31035452,"Luxurious, Clean and spacious Condo in Las Vegas - null - Las Vegas",Entire serviced apartment in Las Vegas,4 guests Â· 1 bedroom Â· 2 beds Â· 1 bath,$71 / night,GymÂ·ElevatorÂ·WifiÂ·Selfcheck-in,Rating 4.89 out of 5;4.8928 reviewsÂ (28),28 reviews
https://airbnb.com/rooms/46475044,A place of your own | Studio in Las Vegas - null - Las Vegas,Entire serviced apartment in Las Vegas,1 guest Â· Studio Â· 1 bed Â· 1 bath,$87 / night,GymÂ·WifiÂ·PetsallowedÂ·Pool,,
https://airbnb.com/rooms/23946220,Artsy Boutique Hotel- 1 mile from Strip! - null - Las Vegas,Room in boutique hotel in Las Vegas,2 guests Â· 1 bedroom Â· 1 bed Â· 1 private bath,$58 / night,GymÂ·ElevatorÂ·WifiÂ·Selfcheck-in,Rating 4.48 out of 5;4.4821 reviewsÂ (21),21 reviews
https://airbnb.com/rooms/10685209,Luxury Room Just 9 mins to Strip - null - Las Vegas,Private room in Las Vegas,3 guests Â· 1 bedroom Â· 1 bed Â· 1 private bath,$44 / night,AirconditioningÂ·PoolÂ·KitchenÂ·Freeparking,Rating 4.86 out of 5;4.86392 reviewsÂ (392),392 reviews
https://airbnb.com/rooms/42117578,"Wyndham Grand Desert 1 BR Suite, SATURDAY Check-In - null - Las Vegas",Entire condominium in Las Vegas,4 guests Â· 1 bedroom Â· 2 beds Â· 1 bath,$75 / night,WifiÂ·Selfcheck-inÂ·AirconditioningÂ·Pool,Rating 4.57 out of 5;4.577 reviewsÂ (7),7 reviews
https://airbnb.com/rooms/37948840,Las Vegas Condo 1 mile to Strip - null - Las Vegas,Entire condominium in Las Vegas,4 guests Â· 2 bedrooms Â· 2 beds Â· 2 baths,$40 / night,WifiÂ·AirconditioningÂ·PetsallowedÂ·Indoorfireplace,Rating 4.92 out of 5;4.9213 reviewsÂ (13),13 reviews
https://airbnb.com/rooms/27460840,Private bedroom near CSN (3/4) - null - Las Vegas,Private room in Las Vegas,1 guest Â· 1 bedroom Â· 1 bed Â· 1 shared bath,$25 / night,WifiÂ·Selfcheck-inÂ·AirconditioningÂ·Kitchen,Rating 4.38 out of 5;4.388 reviewsÂ (8),8 reviews
https://airbnb.com/rooms/39176635,Lovely and simple room :) - null - Las Vegas,Private room in Las Vegas,2 guests Â· 1 bedroom Â· 1 bed Â· 1 shared bath,$35 / night,WifiÂ·AirconditioningÂ·KitchenÂ·Freeparking,Rating 4.67 out of 5;4.6713 reviewsÂ (13),13 reviews
https://airbnb.com/rooms/38827293,10 minutes away from the strip while driving nice - null - Las Vegas,Entire guesthouse in Las Vegas,2 guests Â· 1 bedroom Â· 1 bed Â· 1 bath,$54 / night,WifiÂ·AirconditioningÂ·Freeparking,Rating 4.63 out of 5;4.63165 reviewsÂ (165),165 reviews
https://airbnb.com/rooms/45124541,All-inclusive apartment home | 2BR in Henderson - null - Henderson,Entire serviced apartment in Henderson,5 guests Â· 2 bedrooms Â· 2 beds Â· 2 baths,$105 / night,GymÂ·WifiÂ·PetsallowedÂ·Pool,,
https://airbnb.com/rooms/44284592,"21D#Safe,Gated,Apt,W/Kitchn&Bath,StdioFor2,OldTown - null - Las Vegas",Entire apartment in Las Vegas,2 guests Â· Studio Â· 2 beds Â· 1 bath,$49 / night,WifiÂ·Selfcheck-inÂ·AirconditioningÂ·Pool,Rating 4.72 out of 5;4.7246 reviewsÂ (46),46 reviews
https://airbnb.com/rooms/43060255,"The Bonnie, a Bed and Bay Inn (31 days min) - null - Las Vegas",Entire house in Las Vegas,6 guests Â· 3 bedrooms Â· 4 beds Â· 2 baths,$130 / night,WifiÂ·Selfcheck-inÂ·AirconditioningÂ·Petsallowed,,
https://airbnb.com/rooms/46202705,The best apartment in Vegas - null - Las Vegas,Entire apartment in Las Vegas,4 guests Â· 1 bedroom Â· 2 beds Â· 1 bath,$54 / night,AirconditioningÂ·PoolÂ·KitchenÂ·Freeparking,,
https://airbnb.com/rooms/46475053,A place of your own | Studio in Las Vegas - null - Las Vegas,Entire serviced apartment in Las Vegas,1 guest Â· Studio Â· 1 bed Â· 1 bath,$92 / night,GymÂ·WifiÂ·PetsallowedÂ·Pool,,
https://airbnb.com/rooms/37685192,1-BR 10mins from Downtown Las Vegas - null - Las Vegas,Entire guesthouse in Las Vegas,2 guests Â· 1 bedroom Â· 1 bed Â· 1.5 baths,$57 / night,WifiÂ·Selfcheck-inÂ·AirconditioningÂ·Petsallowed,Rating 4.90 out of 5;4.90183 reviewsÂ (183),183 reviews
https://airbnb.com/rooms/46913008,1 bedroom studio Apartment - null - Las Vegas,Entire condominium in Las Vegas,4 guests Â· 1 bedroom Â· 2 beds Â· 1 bath,$76 / night,GymÂ·BreakfastÂ·WifiÂ·Airconditioning,,
https://airbnb.com/rooms/47225289,RF3-Beautiful House Private Bedroom Share Bathroom - null - Las Vegas,Private room in Las Vegas,2 guests Â· 1 bedroom Â· 2 beds Â· 1 shared bath,$Â 36 / night,WifiÂ·AirconditioningÂ·KitchenÂ·Freeparking,,
https://airbnb.com/rooms/46423829,The Best Apartment in Las Vegas - null - Las Vegas,Entire apartment in Las Vegas,4 guests Â· 1 bedroom Â· 2 beds Â· 1 bath,$Â 51 / night,AirconditioningÂ·PoolÂ·KitchenÂ·Freeparking,,
https://airbnb.com/rooms/45602354,A place of your own | Studio in Las Vegas - null - Las Vegas,Entire serviced apartment in Las Vegas,1 guest Â· Studio Â· 1 bed Â· 1 bath,$Â 83 / night,GymÂ·WifiÂ·PetsallowedÂ·Pool,,
https://airbnb.com/rooms/21879012,King Bedroom Kitchen Suite on Las Vegas Strip - null - Las Vegas,Resort room in Las Vegas,4 guests Â· 1 bedroom Â· 1 bed Â· 1 shared bath,$Â 100 / night,GymÂ·ElevatorÂ·WifiÂ·Airconditioning,,
https://airbnb.com/rooms/9254402,*Close to the Strip and Private bathroom! - null - Las Vegas,Private room in Las Vegas,2 guests Â· 1 bedroom Â· 1 bed Â· 1 private bath,$Â 42 / night,WifiÂ·Selfcheck-inÂ·AirconditioningÂ·Kitchen,Rating 4.72 out of 5;4.72177 reviewsÂ (177),177 reviews
https://airbnb.com/rooms/45748321,Tahiti Village Morea unit - null - Las Vegas,Entire villa in Las Vegas,4 guests Â· 1 bedroom Â· 2 beds Â· 1 bath,$Â 70 / night,GymÂ·ElevatorÂ·WifiÂ·Selfcheck-in,,
https://airbnb.com/rooms/41183927,Quaint & Cute Guest Suite with Backyard Pool - null - Las Vegas,Entire guest suite in Las Vegas,2 guests Â· 1 bedroom Â· 1 bed Â· 1 bath,$Â 46 / night,WifiÂ·AirconditioningÂ·PetsallowedÂ·Pool,Rating 5.0 out of 5;5.04 reviewsÂ (4),4 reviews
https://airbnb.com/rooms/46547707,"Wyndham Grand Desert 2 BR Suite, FRIDAY Check-In - null - Las Vegas",Entire condominium in Las Vegas,8 guests Â· 2 bedrooms Â· 4 beds Â· 2 baths,$Â 66 / night,WifiÂ·Selfcheck-inÂ·AirconditioningÂ·Pool,,
https://airbnb.com/rooms/28209808,Private place close to Fremont Street! G67-00863 - null - Las Vegas,Private room in Las Vegas,2 guests Â· 1 bedroom Â· 2 beds Â· 1 private bath,$Â 40 / night,WifiÂ·Selfcheck-inÂ·AirconditioningÂ·Petsallowed,Rating 4.74 out of 5;4.74152 reviewsÂ (152),152 reviews
https://airbnb.com/rooms/39563118,Las Vegas Condo 1 near Strip. Minimum 30 nights. - null - Las Vegas,Entire condominium in Las Vegas,4 guests Â· 2 bedrooms Â· 2 beds Â· 2 baths,$Â 90 / night,WifiÂ·Selfcheck-inÂ·AirconditioningÂ·Petsallowed,Rating 5.0 out of 5;5.04 reviewsÂ (4),4 reviews
https://airbnb.com/rooms/23787406,Living your way! - null - Las Vegas,Private room in Las Vegas,1 guest Â· 1 bedroom Â· 1 bed Â· 2.5 baths,$Â 71 / night,BreakfastÂ·WifiÂ·AirconditioningÂ·Pool,,
https://airbnb.com/rooms/8889575,Relaxing 2/2 Minutes From The Strip/Airport/Expo - null - Las Vegas,Entire condominium in Las Vegas,6 guests Â· 2 bedrooms Â· 2 beds Â· 2 baths,$Â 109 / night,GymÂ·WifiÂ·Selfcheck-inÂ·Airconditioning,Rating 4.56 out of 5;4.56546 reviewsÂ (546),546 reviews
https://airbnb.com/rooms/45503705,Family Home to relax in near to strip and all amen - null - Las Vegas,Entire house in Las Vegas,6 guests Â· 2 bedrooms Â· 3 beds Â· 1.5 baths,$Â 61 / night,BreakfastÂ·WifiÂ·Selfcheck-inÂ·Airconditioning,,
https://airbnb.com/rooms/42159813,"Near The Strip and Downtown, sleeps 6 (2CX1) - null - Las Vegas",Entire condominium in Las Vegas,6 guests Â· 2 bedrooms Â· 2 beds Â· 2 baths,$Â 85 / night,GymÂ·WifiÂ·Selfcheck-inÂ·Airconditioning,Rating 4.55 out of 5;4.5549 reviewsÂ (49),49 reviews
https://airbnb.com/rooms/46308385,"Cozy guest room, 12 min away from strip. - null - Las Vegas",Private room in Las Vegas,2 guests Â· 1 bedroom Â· 1 bed Â· 1 shared bath,$Â 32 / night,AirconditioningÂ·Kitchen,Rating 4.67 out of 5;4.673 reviewsÂ (3),3 reviews
https://airbnb.com/rooms/6987603,King Solomons Court One Bedroom Apt - null - Las Vegas,Entire guest suite in Las Vegas,4 guests Â· 1 bedroom Â· 2 beds Â· 1 bath,$Â 48 / night,WifiÂ·Selfcheck-inÂ·AirconditioningÂ·Petsallowed,Rating 4.92 out of 5;4.9272 reviewsÂ (72),72 reviews
https://airbnb.com/rooms/45398157,Wyndham Grand desert 1BDRM - null - Las Vegas,Entire villa in Las Vegas,4 guests Â· 1 bedroom Â· 2 beds Â· 1 bath,$Â 76 / night,GymÂ·ElevatorÂ·WifiÂ·Selfcheck-in,,
https://airbnb.com/rooms/44572800,Shell Vacation Club @ Desert Rose Resort 1BDRM *** - null - Las Vegas,Entire villa in Las Vegas,4 guests Â· 1 bedroom Â· 2 beds Â· 1 bath,$Â 71 / night,GymÂ·WifiÂ·Selfcheck-inÂ·Airconditioning,,
https://airbnb.com/rooms/47183273,Family Friendly Resort Close to the Strip - null - Las Vegas,Room in boutique hotel in Las Vegas,4 guests Â· 1 bedroom Â· 1 bed Â· 1 private bath,$Â 82 / night,ElevatorÂ·WifiÂ·AirconditioningÂ·Kitchen,,
https://airbnb.com/rooms/28210132,"Bedroom with desk, TV and storage near CSN Campus - null - Las Vegas",Private room in Las Vegas,1 guest Â· Studio Â· 1 bed Â· 1 shared bath,$Â 26 / night,WifiÂ·Selfcheck-inÂ·AirconditioningÂ·Indoorfireplace,Rating 4.54 out of 5;4.5413 reviewsÂ (13),13 reviews
https://airbnb.com/rooms/44754550,Private Room with Walk in Closet + Private Bath - null - Las Vegas,Private room in Las Vegas,1 guest Â· 1 bedroom Â· 1 bed Â· 1 private bath,$50 / night,GymÂ·WifiÂ·AirconditioningÂ·Pool,,
https://airbnb.com/rooms/47142917,5 Minute LV Strip Walk! Nearby Airport/Conventions - null - Las Vegas,Entire apartment in Las Vegas,4 guests Â· 1 bedroom Â· 1 bed Â· 1 bath,$64 / night,WifiÂ·AirconditioningÂ·KitchenÂ·Freeparking,,
https://airbnb.com/rooms/45253319,"Nice comfy clean room, 12min from strip - null - Las Vegas",Private room in Las Vegas,2 guests Â· 1 bedroom Â· 1 bed Â· 1 shared bath,$32 / night,Selfcheck-inÂ·AirconditioningÂ·KitchenÂ·Freeparking,Rating 4.38 out of 5;4.388 reviewsÂ (8),8 reviews
https://airbnb.com/rooms/46998635,Cozy  & Clean  2BR/1BA - Mins from The Strip! - null - Las Vegas,Entire apartment in Las Vegas,4 guests Â· 2 bedrooms Â· 2 beds Â· 1 bath,$75 / night,WifiÂ·AirconditioningÂ·PetsallowedÂ·Kitchen,,
https://airbnb.com/rooms/46159548,7575  5 - null - Las Vegas,Private room in Las Vegas,2 guests Â· 1 bedroom Â· 1 bed Â· 2 shared baths,$26 / night,WifiÂ·AirconditioningÂ·FreeparkingÂ·Hottub,,
https://airbnb.com/rooms/43834048,All-inclusive apartment home | 1BR in Henderson - null - Henderson,Entire serviced apartment in Henderson,3 guests Â· 1 bedroom Â· 1 bed Â· 1 bath,$89 / night,GymÂ·WifiÂ·PetsallowedÂ·Pool,,
https://airbnb.com/rooms/41762311,"Wyndham Grand Desert 1 BR Suite, FRIDAY Check-In - null - Las Vegas",Private room in Las Vegas,4 guests Â· 1 bedroom Â· 2 beds Â· 1 private bath,$60 / night,WifiÂ·Selfcheck-inÂ·AirconditioningÂ·Pool,Rating 4.83 out of 5;4.836 reviewsÂ (6),6 reviews
https://airbnb.com/rooms/18181926,"Santo's Suites, Dorm Style Suite w/Study Area - null - Las Vegas",Private room in Las Vegas,1 guest Â· 1 bedroom Â· 1 bed Â· 1 shared bath,$21 / night,WifiÂ·Selfcheck-inÂ·AirconditioningÂ·Kitchen,Rating 4.83 out of 5;4.8313 reviewsÂ (13),13 reviews
https://airbnb.com/rooms/28541487,Cozy 4 BR  home with 2 car garage 20 min to strip - null - Las Vegas,Entire house in Las Vegas,8 guests Â· 4 bedrooms Â· 5 beds Â· 2 baths,$47 / night,WifiÂ·Selfcheck-inÂ·AirconditioningÂ·Kitchen,Rating 4.91 out of 5;4.9166 reviewsÂ (66),66 reviews
https://airbnb.com/rooms/39168993,"Nasalga's Place, room #2 - null - Las Vegas",Private room in Las Vegas,2 guests Â· 1 bedroom Â· 1 bed Â· 1 private bath,$25 / night,WifiÂ·AirconditioningÂ·PoolÂ·Kitchen,Rating 4.87 out of 5;4.8733 reviewsÂ (33),33 reviews
https://airbnb.com/rooms/46228645,A place of your own | 1BR in Las Vegas - null - Las Vegas,Entire serviced apartment in Las Vegas,3 guests Â· 1 bedroom Â· 1 bed Â· 1 bath,$90 / night,GymÂ·WifiÂ·PetsallowedÂ·Pool,,
https://airbnb.com/rooms/47076196,*5 MINUTES FROM STRIP....just about - null - Las Vegas,Entire apartment in Las Vegas,2 guests Â· 1 bedroom Â· 2 beds Â· 1 bath,$49 / night,WifiÂ·AirconditioningÂ·KitchenÂ·Freeparking,,
https://airbnb.com/rooms/42764574,Upscale Modern Bedroom with Mountain Views - null - Las Vegas,Private room in Las Vegas,1 guest Â· 1 bedroom Â· 1 bed Â· 1.5 baths,$33 / night,WifiÂ·AirconditioningÂ·KitchenÂ·Dryer,,
https://airbnb.com/rooms/46220117,The best apartment near Strip - null - Las Vegas,Entire apartment in Las Vegas,4 guests Â· 1 bedroom Â· 2 beds Â· 1 bath,$53 / night,AirconditioningÂ·PoolÂ·FreeparkingÂ·Dryer,Rating 4.33 out of 5;4.333 reviewsÂ (3),3 reviews
https://airbnb.com/rooms/20672436,Private guest house in upscale neighborhood - null - Las Vegas,Entire guesthouse in Las Vegas,2 guests Â· 1 bedroom Â· 1 bed Â· 1 bath,$39 / night,WifiÂ·Selfcheck-inÂ·AirconditioningÂ·Freeparking,Rating 4.77 out of 5;4.77146 reviewsÂ (146),146 reviews
https://airbnb.com/rooms/46084774,Privacidad y comodidad al 100% - null - Las Vegas,Entire apartment in Las Vegas,2 guests Â· 1 bedroom Â· 1 bed Â· 1 bath,$80 / night,GymÂ·WifiÂ·AirconditioningÂ·Pool,Rating 5.0 out of 5;5.03 reviewsÂ (3),3 reviews
https://airbnb.com/rooms/41157875,Feel free! - null - Las Vegas,Private room in Las Vegas,2 guests Â· 1 bedroom Â· 1 bed Â· 1 private bath,$45 / night,WifiÂ·AirconditioningÂ·PoolÂ·Kitchen,Rating 4.82 out of 5;4.8244 reviewsÂ (44),44 reviews
https://airbnb.com/rooms/39393974,"21A#Safe,Gated,Apt,W/Kitchn&Bath,StdioFor2,OldTown - null - Las Vegas",Entire apartment in Las Vegas,2 guests Â· Studio Â· 2 beds Â· 1 bath,$42 / night,WifiÂ·Selfcheck-inÂ·AirconditioningÂ·Pool,Rating 4.73 out of 5;4.73146 reviewsÂ (146),146 reviews
https://airbnb.com/rooms/33477758,Vegas Chateau -4 Bedroom 3 Bath w Pool & Jacuzzi - null - Las Vegas,Entire house in Las Vegas,16 guests Â· 4 bedrooms Â· 8 beds Â· 3 baths,$131 / night,WifiÂ·Selfcheck-inÂ·AirconditioningÂ·Petsallowed,Rating 5.0 out of 5;5.09 reviewsÂ (9),9 reviews
https://airbnb.com/rooms/47191419,Apartamento lujoso y moderno ! No te lo pierdas - null - Las Vegas,Entire apartment in Las Vegas,3 guests Â· 1 bedroom Â· 2 beds Â· 1 bath,$60 / night,GymÂ·Selfcheck-inÂ·AirconditioningÂ·Petsallowed,,
https://airbnb.com/rooms/46834699,Room for rent - null - Las Vegas,Private room in Las Vegas,2 guests Â· 1 bedroom Â· 1 bed Â· 1 shared bath,$26 / night,WifiÂ·AirconditioningÂ·FreeparkingÂ·Hottub,,
https://airbnb.com/rooms/44523506,"Cozy guest room, 12 min away from the strip - null - Las Vegas",Private room in Las Vegas,2 guests Â· 1 bedroom Â· 1 bed Â· 1 shared bath,$32 / night,AirconditioningÂ·KitchenÂ·WasherÂ·Dryer,Rating 4.85 out of 5;4.8513 reviewsÂ (13),13 reviews
https://airbnb.com/rooms/27963198,"P1 @ Condo near Strip, UNLV, Thomas Mack, Airport - null - Las Vegas",Entire condominium in Las Vegas,1 guest Â· 1 bedroom Â· 0 beds Â· 1 bath,$53 / night,WifiÂ·AirconditioningÂ·PoolÂ·Kitchen,,
https://airbnb.com/rooms/45724491,"NEW! Airy & Clean, Sleeps 6, By The Strip(4C06)!!! - null - Las Vegas",Entire apartment in Las Vegas,6 guests Â· 2 bedrooms Â· 2 beds Â· 2 baths,$78 / night,WifiÂ·AirconditioningÂ·PoolÂ·Kitchen,Rating 4.43 out of 5;4.437 reviewsÂ (7),7 reviews
https://airbnb.com/rooms/46157597,luxury tiny guest house smart home - null - Las Vegas,Tiny house in Las Vegas,2 guests Â· Studio Â· 1 bed Â· 1 bath,$90 / night,WifiÂ·AirconditioningÂ·KitchenÂ·Freeparking,Rating 4.0 out of 5;4.015 reviewsÂ (15),15 reviews
https://airbnb.com/rooms/14161740,PH 51 fl. Best Strip View Balcony Kitchen Gym/Pool - null - Las Vegas,Entire condominium in Las Vegas,4 guests Â· 1 bedroom Â· 2 beds Â· 1 bath,$158 / night,WifiÂ·AirconditioningÂ·PoolÂ·Kitchen,Rating 4.81 out of 5;4.81480 reviewsÂ (480),480 reviews
https://airbnb.com/rooms/13516266,Private corner apartment 7 minutes from Strip - null - Las Vegas,Entire apartment in Las Vegas,4 guests Â· 2 bedrooms Â· 2 beds Â· 2 baths,$121 / night,WifiÂ·AirconditioningÂ·KitchenÂ·Freeparking,Rating 4.72 out of 5;4.72286 reviewsÂ (286),286 reviews
https://airbnb.com/rooms/28127049,50th floor luxury spa suite at Palms Place- CLEAN! - null - Las Vegas,Entire condominium in Las Vegas,4 guests Â· 1 bedroom Â· 2 beds Â· 1 bath,$159 / night,WifiÂ·AirconditioningÂ·PoolÂ·Kitchen,Rating 4.83 out of 5;4.83162 reviewsÂ (162),162 reviews
https://airbnb.com/rooms/38387115,Luxury House Private Bedroom #1 Comfort and Quiet - null - Las Vegas,Private room in Las Vegas,1 guest Â· 1 bedroom Â· 1 bed Â· 1 shared bath,$38 / night,WifiÂ·AirconditioningÂ·KitchenÂ·Washer,Rating 4.79 out of 5;4.7929 reviewsÂ (29),29 reviews
https://airbnb.com/rooms/45303440,Las Vegas Studio for Convention or Pleasure - null - Las Vegas,Resort room in Las Vegas,2 guests Â· Studio Â· 0 beds Â· 1 shared bath,$90 / night,WifiÂ·AirconditioningÂ·PoolÂ·Kitchen,,
https://airbnb.com/rooms/46504684,Blue - Quiet comfort in a spread out neighborhood - null - Las Vegas,Private room in Las Vegas,2 guests Â· 1 bedroom Â· 1 bed Â· 1 bath,$28 / night,WifiÂ·AirconditioningÂ·KitchenÂ·Freeparking,Rating 5.0 out of 5;5.03 reviewsÂ (3),3 reviews
https://airbnb.com/rooms/46475026,A place of your own | Studio in Las Vegas - null - Las Vegas,Entire serviced apartment in Las Vegas,1 guest Â· Studio Â· 1 bed Â· 1 bath,$83 / night,WifiÂ·PoolÂ·KitchenÂ·Petsallowed,,
https://airbnb.com/rooms/29341639,Beautiful bedroom near center of Las Vegas â€œ2â€ - null - Las Vegas,Private room in Las Vegas,2 guests Â· 1 bedroom Â· 1 bed Â· 1 shared bath,$25 / night,WifiÂ·AirconditioningÂ·KitchenÂ·Freeparking,Rating 4.18 out of 5;4.18182 reviewsÂ (182),182 reviews
https://airbnb.com/rooms/34656104,Simple Suite In Summerlin RedRock - null - Las Vegas,Private room in Las Vegas,3 guests Â· 2 bedrooms Â· 2 beds Â· 1 private bath,$30 / night,WifiÂ·AirconditioningÂ·FreeparkingÂ·Petsallowed,Rating 5.0 out of 5;5.024 reviewsÂ (24),24 reviews
https://airbnb.com/rooms/40261537,26th Floor Strip View Balcony Suite NO RESORT FEE! - null - Las Vegas,Entire condominium in Las Vegas,4 guests Â· Studio Â· 2 beds Â· 1 bath,$82 / night,WifiÂ·AirconditioningÂ·PoolÂ·Kitchen,Rating 4.83 out of 5;4.8348 reviewsÂ (48),48 reviews
https://airbnb.com/rooms/31931462,Room in a beautiful home w/ pool - null - Las Vegas,Private room in Las Vegas,2 guests Â· 1 bedroom Â· 1 bed Â· 1 shared bath,$23 / night,WifiÂ·AirconditioningÂ·PoolÂ·Kitchen,Rating 4.79 out of 5;4.7929 reviewsÂ (29),29 reviews
https://airbnb.com/rooms/28261977,"newly remodeled close to airport , Strip and UNLV - null - Las Vegas",Private room in Las Vegas,1 guest Â· 1 bedroom Â· 1 bed Â· 1 shared bath,$31 / night,WifiÂ·AirconditioningÂ·FreeparkingÂ·Selfcheck-in,Rating 4.63 out of 5;4.63209 reviewsÂ (209),209 reviews
https://airbnb.com/rooms/35255300,Comfy 3BR House in Golf Community - null - Las Vegas,Entire house in Las Vegas,6 guests Â· 3 bedrooms Â· 3 beds Â· 2.5 baths,$80 / night,WifiÂ·AirconditioningÂ·KitchenÂ·Freeparking,,
https://airbnb.com/rooms/41316351,Las Vegas Guest Apartment - null - Las Vegas,Entire guest suite in Las Vegas,4 guests Â· Studio Â· 2 beds Â· 1 bath,$55 / night,WifiÂ·AirconditioningÂ·KitchenÂ·Freeparking,Rating 4.82 out of 5;4.82103 reviewsÂ (103),103 reviews
https://airbnb.com/rooms/41270385,Vegas Affordable guest house close to everything. - null - Las Vegas,Entire apartment in Las Vegas,2 guests Â· 1 bedroom Â· 1 bed Â· 1 bath,$71 / night,WifiÂ·AirconditioningÂ·KitchenÂ·Freeparking,Rating 4.91 out of 5;4.9135 reviewsÂ (35),35 reviews
https://airbnb.com/rooms/17682799,æ¸©é¦¨å®¶å›­ king size to strip 1.8mile - null - Las Vegas,Private room in Las Vegas,2 guests Â· 1 bedroom Â· 1 bed Â· 1 shared bath,$34 / night,WifiÂ·AirconditioningÂ·FreeparkingÂ·Dryer,Rating 4.54 out of 5;4.54198 reviewsÂ (198),198 reviews
https://airbnb.com/rooms/41270385,Vegas Affordable guest house close to everything. - null - Las Vegas,Entire apartment in Las Vegas,2 guests Â· 1 bedroom Â· 1 bed Â· 1 bath,$71 / night,WifiÂ·AirconditioningÂ·PetsallowedÂ·Kitchen,Rating 4.91 out of 5;4.9135 reviewsÂ (35),35 reviews
https://airbnb.com/rooms/46509027,Good Deal  Room 1 - null - Las Vegas,Private room in Las Vegas,2 guests Â· 1 bedroom Â· 1 bed Â· 1.5 shared baths,$26 / night,WifiÂ·AirconditioningÂ·FreeparkingÂ·Dryer,,
https://airbnb.com/rooms/47026531,Amenity Packed House in North Las Vegas - null - North Las Vegas,Private room in North Las Vegas,2 guests Â· 1 bedroom Â· 2 beds Â· 1 shared bath,$45 / night,GymÂ·WifiÂ·Selfcheck-inÂ·Airconditioning,,
https://airbnb.com/rooms/45282950,"Club de Soleil 1 BR Suite, FRIDAY Check-In - null - Las Vegas",Entire condominium in Las Vegas,4 guests Â· 1 bedroom Â· 2 beds Â· 1 bath,$62 / night,WifiÂ·Selfcheck-inÂ·AirconditioningÂ·Pool,,
https://airbnb.com/rooms/46035634,spacious private room & bath in clean bright condo - null - Las Vegas,Private room in Las Vegas,2 guests Â· 1 bedroom Â· 1 bed Â· 1 private bath,$28 / night,WifiÂ·Selfcheck-inÂ·AirconditioningÂ·Petsallowed,Rating 4.63 out of 5;4.6316 reviewsÂ (16),16 reviews
https://airbnb.com/rooms/46815482,Unique Boutique Hotel 2 Bed - null - Las Vegas,Room in boutique hotel in Las Vegas,4 guests Â· 1 bedroom Â· 2 beds Â· 1 private bath,$58 / night,GymÂ·ElevatorÂ·WifiÂ·Selfcheck-in,,
https://airbnb.com/rooms/43024999,Master Suite/Walmart/Target/4.5mile to Strip/Wifi - null - Las Vegas,Private room in Las Vegas,2 guests Â· 1 bedroom Â· 1 bed Â· 1 private bath,$30 / night,WifiÂ·AirconditioningÂ·KitchenÂ·Freeparking,Rating 4.11 out of 5;4.1119 reviewsÂ (19),19 reviews
https://airbnb.com/rooms/44450374,Executive Suite - null - Las Vegas,Entire condominium in Las Vegas,2 guests Â· 1 bedroom Â· 1 bed Â· 1 bath,$50 / night,GymÂ·BreakfastÂ·WifiÂ·Airconditioning,Rating 4.90 out of 5;4.9020 reviewsÂ (20),20 reviews
https://airbnb.com/rooms/46329788,A place of your own | Studio in Las Vegas - null - Las Vegas,Entire serviced apartment in Las Vegas,1 guest Â· Studio Â· 1 bed Â· 1 bath,$87 / night,GymÂ·WifiÂ·PetsallowedÂ·Pool,,
https://airbnb.com/rooms/45602353,A place of your own | Studio in Las Vegas - null - Las Vegas,Entire serviced apartment in Las Vegas,1 guest Â· Studio Â· 1 bed Â· 1 bath,$83 / night,GymÂ·WifiÂ·PetsallowedÂ·Pool,,
https://airbnb.com/rooms/3167087,1BDRM GUESTHOUSE/COTTAGE AFFORDABLE - null - Las Vegas,Entire cottage in Las Vegas,2 guests Â· 1 bedroom Â· 1 bed Â· 1 bath,$65 / night,WifiÂ·AirconditioningÂ·KitchenÂ·Dryer,,
https://airbnb.com/rooms/16871560,Vegas Oasis - null - Las Vegas,Private room in Las Vegas,2 guests Â· 1 bedroom Â· 1 bed Â· 1 shared bath,$25 / night,WifiÂ·AirconditioningÂ·KitchenÂ·Freeparking,Rating 4.64 out of 5;4.6496 reviewsÂ (96),96 reviews
https://airbnb.com/rooms/46549836,Relaxing quiet condo  2 bedroom/2bath near Redrock - null - Las Vegas,Entire condominium in Las Vegas,4 guests Â· 2 bedrooms Â· 2 beds Â· 2 baths,$69 / night,WifiÂ·AirconditioningÂ·PoolÂ·Kitchen,,
https://airbnb.com/rooms/38673736,"Nasalga's Place, room #1 - null - Las Vegas",Private room in Las Vegas,2 guests Â· 1 bedroom Â· 1 bed Â· 1 private bath,$25 / night,WifiÂ·AirconditioningÂ·PoolÂ·Kitchen,Rating 4.78 out of 5;4.7879 reviewsÂ (79),79 reviews
https://airbnb.com/rooms/37685192,1-BR 10mins from Downtown Las Vegas - null - Las Vegas,Entire guesthouse in Las Vegas,2 guests Â· 1 bedroom Â· 1 bed Â· 1.5 baths,$57 / night,WifiÂ·Selfcheck-inÂ·AirconditioningÂ·Petsallowed,Rating 4.90 out of 5;4.90183 reviewsÂ (183),183 reviews
https://airbnb.com/rooms/45503705,Family Home to relax in near to strip and all amen - null - Las Vegas,Entire house in Las Vegas,6 guests Â· 2 bedrooms Â· 3 beds Â· 1.5 baths,$61 / night,BreakfastÂ·WifiÂ·Selfcheck-inÂ·Airconditioning,,
https://airbnb.com/rooms/24269626,Brenda's Place - null - Las Vegas,Private room in Las Vegas,2 guests Â· 1 bedroom Â· 0 beds Â· 1 shared bath,$40 / night,WifiÂ·AirconditioningÂ·KitchenÂ·Freeparking,Rating 4.77 out of 5;4.7754 reviewsÂ (54),54 reviews
https://airbnb.com/rooms/46939194,"Wyndham Grand Desert 2 BR Suite, FRIDAY Check-In - null - Las Vegas",Entire condominium in Las Vegas,8 guests Â· 2 bedrooms Â· 4 beds Â· 2 baths,$65 / night,WifiÂ·Selfcheck-inÂ·AirconditioningÂ·Pool,,
https://airbnb.com/rooms/14383804,SALT WATER POOL * MID CENTURY LUXE * SLEEPS 6 - null - Las Vegas,Entire house in Las Vegas,6 guests Â· 3 bedrooms Â· 4 beds Â· 2 baths,$117 / night,WifiÂ·Selfcheck-inÂ·AirconditioningÂ·Petsallowed,Rating 4.94 out of 5;4.9455 reviewsÂ (55),55 reviews
https://airbnb.com/rooms/44594668,"Desert Rose Resort, 1BDRM deluxe - null - Las Vegas",Entire villa in Las Vegas,4 guests Â· 1 bedroom Â· 2 beds Â· 1 bath,$73 / night,GymÂ·WifiÂ·Selfcheck-inÂ·Airconditioning,,
https://airbnb.com/rooms/28541487,Cozy 4 BR  home with 2 car garage 20 min to strip - null - Las Vegas,Entire house in Las Vegas,8 guests Â· 4 bedrooms Â· 5 beds Â· 2 baths,$47 / night,WifiÂ·Selfcheck-inÂ·AirconditioningÂ·Kitchen,Rating 4.91 out of 5;4.9166 reviewsÂ (66),66 reviews
https://airbnb.com/rooms/45959393,New Listing-PRVT Room-10min to Strip & Fremont - null - Las Vegas,Private room in Las Vegas,2 guests Â· 1 bedroom Â· 1 bed Â· 1.5 shared baths,$51 / night,WifiÂ·Selfcheck-inÂ·AirconditioningÂ·Freeparking,Rating 5.0 out of 5;5.06 reviewsÂ (6),6 reviews
https://airbnb.com/rooms/41434489,2 bedroom cozy house - null - Henderson,Entire house in Henderson,4 guests Â· 2 bedrooms Â· 4 beds Â· 1 bath,$99 / night,WifiÂ·Selfcheck-inÂ·AirconditioningÂ·Indoorfireplace,Rating 4.90 out of 5;4.90101 reviewsÂ (101),101 reviews
https://airbnb.com/rooms/45753078,La Casita - null - Las Vegas,Entire guesthouse in Las Vegas,3 guests Â· Studio Â· 1 bed Â· 1 bath,$71 / night,WifiÂ·Selfcheck-inÂ·AirconditioningÂ·Petsallowed,Rating 4.60 out of 5;4.605 reviewsÂ (5),5 reviews
https://airbnb.com/rooms/47237465,9min from the strip. 1min from the shopping center - null - Las Vegas,Private room in Las Vegas,1 guest Â· 1 bedroom Â· 1 bed Â· 1.5 shared baths,$24 / night,GymÂ·WifiÂ·AirconditioningÂ·Kitchen,,
https://airbnb.com/rooms/45585555,Cozy private room at a brand new house! B - null - Las Vegas,Private room in Las Vegas,2 guests Â· 1 bedroom Â· 1 bed Â· 1 shared bath,$50 / night,WifiÂ·AirconditioningÂ·KitchenÂ·Freeparking,Rating 5.0 out of 5;5.016 reviewsÂ (16),16 reviews
https://airbnb.com/rooms/39037614,Private Room w 2bed/10 min to Strip/TV/Wifi/Park - null - Las Vegas,Private room in Las Vegas,2 guests Â· 1 bedroom Â· 2 beds Â· 1.5 shared baths,$36 / night,WifiÂ·AirconditioningÂ·KitchenÂ·Freeparking,Rating 4.32 out of 5;4.3271 reviewsÂ (71),71 reviews
https://airbnb.com/rooms/36732692,queen bedroom wifi /tv - null - Las Vegas,Private room in Las Vegas,2 guests Â· 1 bedroom Â· 1 bed Â· 1 shared bath,$38 / night,WifiÂ·Selfcheck-inÂ·AirconditioningÂ·Petsallowed,Rating 4.63 out of 5;4.6365 reviewsÂ (65),65 reviews
https://airbnb.com/rooms/12513023,A Very Stylish 1950's Bungalow - null - Las Vegas,Private room in Las Vegas,4 guests Â· 2 bedrooms Â· 3 beds Â· 1 private bath,$55 / night,WifiÂ·Selfcheck-inÂ·AirconditioningÂ·Indoorfireplace,Rating 4.96 out of 5;4.96328 reviewsÂ (328),328 reviews
https://airbnb.com/rooms/47074716,Cozy Tropical 1 Bed Right Behind The Strat - null - Las Vegas,Entire apartment in Las Vegas,2 guests Â· 1 bedroom Â· 1 bed Â· 1 bath,$40 / night,AirconditioningÂ·KitchenÂ·Freeparking,,
https://airbnb.com/rooms/40143904,private Guest  house #2 - null - Las Vegas,Entire guesthouse in Las Vegas,2 guests Â· Studio Â· 1 bed Â· 1 bath,$51 / night,WifiÂ·Selfcheck-inÂ·AirconditioningÂ·Kitchen,Rating 5.0 out of 5;5.031 reviewsÂ (31),31 reviews
https://airbnb.com/rooms/46549836,Relaxing quiet condo  2 bedroom/2bath near Redrock - null - Las Vegas,Entire condominium in Las Vegas,4 guests Â· 2 bedrooms Â· 2 beds Â· 2 baths,$69 / night,WifiÂ·AirconditioningÂ·PoolÂ·Kitchen,,
https://airbnb.com/rooms/41065087,Welcome to Las Vegas #2 - null - Las Vegas,Private room in Las Vegas,2 guests Â· 1 bedroom Â· 1 bed Â· 1 shared bath,$36 / night,WifiÂ·AirconditioningÂ·Freeparking,Rating 5.0 out of 5;5.016 reviewsÂ (16),16 reviews
https://airbnb.com/rooms/46729627,MY BLUE OCEAN - null - Las Vegas,Private room in Las Vegas,2 guests Â· 1 bedroom Â· 1 bed Â· 1 bath,$37 / night,WifiÂ·AirconditioningÂ·Indoorfireplace,,
https://airbnb.com/rooms/46301991,Cozy Private Studio/Guest House. Close to Dwtn. - null - Las Vegas,Entire guesthouse in Las Vegas,3 guests Â· Studio Â· 1 bed Â· 1 bath,$79 / night,WifiÂ·Selfcheck-inÂ·AirconditioningÂ·Petsallowed,Rating 4.80 out of 5;4.8015 reviewsÂ (15),15 reviews
https://airbnb.com/rooms/15799481,"No extra charges.   June, July, Aug 2021 only. - null - Las Vegas",Entire apartment in Las Vegas,4 guests Â· 2 bedrooms Â· 4 beds Â· 1 bath,$35 / night,WifiÂ·AirconditioningÂ·KitchenÂ·Freeparking,Rating 4.82 out of 5;4.82247 reviewsÂ (247),247 reviews
https://airbnb.com/rooms/31058058,Spacious Private Room & Bedroom 15 mins from Strip - null - Las Vegas,Private room in Las Vegas,2 guests Â· 1 bedroom Â· 1 bed Â· 1 private bath,$35 / night,WifiÂ·AirconditioningÂ·KitchenÂ·Freeparking,Rating 4.92 out of 5;4.9251 reviewsÂ (51),51 reviews
https://airbnb.com/rooms/43604623,"Beautiful casita , 3.5 mile to  Las Vegas st - null - Las Vegas",Entire guesthouse in Las Vegas,2 guests Â· 1 bedroom Â· 2 beds Â· 1 bath,$49 / night,WifiÂ·AirconditioningÂ·KitchenÂ·Freeparking,Rating 4.93 out of 5;4.9327 reviewsÂ (27),27 reviews
https://airbnb.com/rooms/43771360,Home Away From Home - null - Las Vegas,Private room in Las Vegas,2 guests Â· 1 bedroom Â· 1 bed Â· 1 shared bath,$32 / night,WifiÂ·AirconditioningÂ·IndoorfireplaceÂ·Kitchen,Rating 4.82 out of 5;4.8238 reviewsÂ (38),38 reviews
https://airbnb.com/rooms/46504361,Red - Quiet comfort in a spread out neighborhood - null - Las Vegas,Private room in Las Vegas,2 guests Â· 1 bedroom Â· 1 bed Â· 1 shared bath,$27 / night,WifiÂ·Selfcheck-inÂ·AirconditioningÂ·Kitchen,,
https://airbnb.com/rooms/39870034,Beautiful aparment - null - Las Vegas,Entire house in Las Vegas,2 guests Â· Studio Â· 2 beds Â· 1 bath,$53 / night,WifiÂ·AirconditioningÂ·PetsallowedÂ·Kitchen,Rating 4.89 out of 5;4.89164 reviewsÂ (164),164 reviews
https://airbnb.com/rooms/47152450,Bohemian Bunk - nice quiet place next to a park - null - Las Vegas,Private room in Las Vegas,2 guests Â· 1 bedroom Â· 1 bed Â· 1.5 shared baths,$27 / night,BreakfastÂ·WifiÂ·Selfcheck-inÂ·Airconditioning,,
https://airbnb.com/rooms/19342654,"Spacious 2B/2B Home, Gated, Close to Best of Vegas - null - North Las Vegas",Private room in North Las Vegas,2 guests Â· 2 bedrooms Â· 2 beds Â· 2 baths,$34 / night,BreakfastÂ·WifiÂ·AirconditioningÂ·Pool,,
https://airbnb.com/rooms/45602353,A place of your own | Studio in Las Vegas - null - Las Vegas,Entire serviced apartment in Las Vegas,1 guest Â· Studio Â· 1 bed Â· 1 bath,$83 / night,GymÂ·WifiÂ·PetsallowedÂ·Pool,,
https://airbnb.com/rooms/47174700,Tuscany Casino & Hotel Strip Suite Stay - null - Las Vegas,Hotel room in Las Vegas,4 guests Â· 1 bedroom Â· 1 bed Â· 1 private bath,$69 / night,GymÂ·WifiÂ·AirconditioningÂ·Pool,,
https://airbnb.com/rooms/25169018,"Private Cottage, 5 miles from the strip - null - Las Vegas",Entire guesthouse in Las Vegas,6 guests Â· 2 bedrooms Â· 5 beds Â· 1 bath,$69 / night,BreakfastÂ·WifiÂ·Selfcheck-inÂ·Airconditioning,Rating 4.67 out of 5;4.6713 reviewsÂ (13),13 reviews
https://airbnb.com/rooms/31123139,Fremont Experience- Sparkling clean/self check-in! - null - Las Vegas,Private room in Las Vegas,2 guests Â· 1 bedroom Â· 1 bed Â· 1 shared bath,$53 / night,WifiÂ·AirconditioningÂ·KitchenÂ·Freeparking,Rating 4.82 out of 5;4.8271 reviewsÂ (71),71 reviews
https://airbnb.com/rooms/45950773,"Tahiti Village Bora, Bora in Las Vegas 1 BR Suite, Sleeps 4 FRIDAY Check-In - null - Las Vegas",Entire condominium in Las Vegas,4 guests Â· 1 bedroom Â· 2 beds Â· 1 bath,$85 / night,WifiÂ·Selfcheck-inÂ·AirconditioningÂ·Pool,,
https://airbnb.com/rooms/16964577,Entire Townhouse 2BR yours 7 min from The Strip LV - null - Las Vegas,Entire apartment in Las Vegas,4 guests Â· 2 bedrooms Â· 2 beds Â· 1.5 baths,$55 / night,WifiÂ·Selfcheck-inÂ·AirconditioningÂ·Indoorfireplace,Rating 4.70 out of 5;4.7010 reviewsÂ (10),10 reviews
https://airbnb.com/rooms/44520147,Shell Vacation Club at Desert Rose Resort 1 BDRM - null - Las Vegas,Entire villa in Las Vegas,4 guests Â· 1 bedroom Â· 1 bed Â· 1 bath,$70 / night,GymÂ·WifiÂ·Selfcheck-inÂ·Airconditioning,Rating 3.80 out of 5;3.805 reviewsÂ (5),5 reviews
https://airbnb.com/rooms/39169713,2 Bedroom/8 min to Strip/Free TV/Wifi/Parking - null - Las Vegas,Entire condominium in Las Vegas,5 guests Â· 2 bedrooms Â· 3 beds Â· 1 bath,$77 / night,WifiÂ·AirconditioningÂ·KitchenÂ·Freeparking,Rating 4.31 out of 5;4.3165 reviewsÂ (65),65 reviews
https://airbnb.com/rooms/46329762,A place of your own | Studio in Las Vegas - null - Las Vegas,Entire serviced apartment in Las Vegas,1 guest Â· Studio Â· 1 bed Â· 1 bath,$87 / night,GymÂ·WifiÂ·PetsallowedÂ·Pool,,
https://airbnb.com/rooms/45746083,"Tropicana, 1BDRM deluxe - null - Las Vegas",Entire villa in Las Vegas,4 guests Â· 1 bedroom Â· 2 beds Â· 1 bath,$73 / night,GymÂ·ElevatorÂ·WifiÂ·Selfcheck-in,,
https://airbnb.com/rooms/44450374,Executive Suite - null - Las Vegas,Entire condominium in Las Vegas,2 guests Â· 1 bedroom Â· 1 bed Â· 1 bath,$50 / night,GymÂ·BreakfastÂ·WifiÂ·Airconditioning,Rating 4.90 out of 5;4.9020 reviewsÂ (20),20 reviews
https://airbnb.com/rooms/47180274,DESERT CLUB RESORT - Floating week  Jan  Nov  Dec - null - Las Vegas,Resort room in Las Vegas,4 guests Â· 1 bedroom Â· 2 beds Â· 1 private bath,$110 / night,GymÂ·WifiÂ·Selfcheck-inÂ·Airconditioning,,
https://airbnb.com/rooms/45803032,Delightful 2bed/2bath w/Amenities - null - Las Vegas,Entire condominium in Las Vegas,4 guests Â· 2 bedrooms Â· 2 beds Â· 2 baths,$79 / night,[],,
https://airbnb.com/rooms/45983138,Huge Corner Strip Facing King Suite - null - Las Vegas,Entire serviced apartment in Las Vegas,4 guests Â· 1 bedroom Â· 2 beds Â· 1.5 baths,$178 / night,GymÂ·ElevatorÂ·WifiÂ·Selfcheck-in,,
https://airbnb.com/rooms/46035634,spacious private room & bath in clean bright condo - null - Las Vegas,Private room in Las Vegas,2 guests Â· 1 bedroom Â· 1 bed Â· 1 private bath,$28 / night,WifiÂ·Selfcheck-inÂ·AirconditioningÂ·Petsallowed,Rating 4.63 out of 5;4.6316 reviewsÂ (16),16 reviews
https://airbnb.com/rooms/46925158,Extended Stay Pool Property! - null - Henderson,Entire house in Henderson,8 guests Â· 4 bedrooms Â· 4 beds Â· 2 baths,$149 / night,WifiÂ·AirconditioningÂ·IndoorfireplaceÂ·Pool,,
https://airbnb.com/rooms/19527431,Beautiful Doll House - null - Las Vegas,Entire house in Las Vegas,4 guests Â· 2 bedrooms Â· 2 beds Â· 1 bath,$98 / night,WifiÂ·Freeparking,Rating 4.53 out of 5;4.53244 reviewsÂ (244),244 reviews
https://airbnb.com/rooms/46509027,Good Deal  Room 1 - null - Las Vegas,Private room in Las Vegas,2 guests Â· 1 bedroom Â· 1 bed Â· 1.5 shared baths,$26 / night,WifiÂ·Freeparking,,
https://airbnb.com/rooms/46329788,A place of your own | Studio in Las Vegas - null - Las Vegas,Entire serviced apartment in Las Vegas,1 guest Â· Studio Â· 1 bed Â· 1 bath,$87 / night,PoolÂ·Wifi,,
https://airbnb.com/rooms/45575725,Top-Floor MGM Jacuzzi Penthouse *NO Resort Fee - null - Las Vegas,Entire condominium in Las Vegas,2 guests Â· Studio Â· 2 beds Â· 1 bath,$154 / night,HottubÂ·PoolÂ·WifiÂ·Freeparking,Rating 4.83 out of 5;4.8312 reviewsÂ (12),12 reviews
https://airbnb.com/rooms/46731619,LasVegas.familyhotel. medium size Locked room.save - null - Las Vegas,Private room in Las Vegas,1 guest Â· 1 bedroom Â· 1 bed Â· 2 shared baths,$27 / night,HottubÂ·WifiÂ·Freeparking,,
https://airbnb.com/rooms/46329778,A place of your own | Studio in Las Vegas - null - Las Vegas,Entire serviced apartment in Las Vegas,1 guest Â· Studio Â· 1 bed Â· 1 bath,$83 / night,PoolÂ·Wifi,,
https://airbnb.com/rooms/44266892,MGM Signature 32nd floor Penthouse With Balcony! - null - Las Vegas,Hotel room in Las Vegas,4 guests Â· Studio Â· 2 beds Â· 1 private bath,$113 / night,HottubÂ·PoolÂ·WifiÂ·Freeparking,Rating 4.82 out of 5;4.8244 reviewsÂ (44),44 reviews
https://airbnb.com/rooms/20092381,Las Vegas City Lights Condo - null - Las Vegas,Entire townhouse in Las Vegas,4 guests Â· 2 bedrooms Â· 2 beds Â· 2 baths,$60 / night,HottubÂ·PoolÂ·WifiÂ·Freeparking,Rating 4.76 out of 5;4.7649 reviewsÂ (49),49 reviews
https://airbnb.com/rooms/46736317,tu casa - null - Las Vegas,Entire guesthouse in Las Vegas,2 guests Â· 1 bedroom Â· 1 bath,$46 / night,WifiÂ·Freeparking,,
https://airbnb.com/rooms/46547232,"Tahiti Village Bora, Bora in Las Vegas 1 BR Suite, Sleeps 4 FRIDAY Check-In - null - Las Vegas",Entire condominium in Las Vegas,4 guests Â· 1 bedroom Â· 2 beds Â· 1 bath,$85 / night,HottubÂ·PoolÂ·WifiÂ·Freeparking,,
https://airbnb.com/rooms/46333679,"Comfy & cozy guest room, 12 min away from strip. - null - Las Vegas",Private room in Las Vegas,2 guests Â· 1 bedroom Â· 1 bed Â· 1 shared bath,$35 / night,[],Rating 4.50 out of 5;4.504 reviewsÂ (4),4 reviews
https://airbnb.com/rooms/46475029,A place of your own | Studio in Las Vegas - null - Las Vegas,Entire serviced apartment in Las Vegas,1 guest Â· Studio Â· 1 bed Â· 1 bath,$83 / night,PoolÂ·Wifi,,
https://airbnb.com/rooms/16982708,æ¸©é¦¨ä¹‹å®¶ to strip 1.8 miles - null - Las Vegas,Private room in Las Vegas,2 guests Â· 1 bedroom Â· 1 bed Â· 1 shared bath,$33 / night,WifiÂ·Freeparking,Rating 4.51 out of 5;4.51285 reviewsÂ (285),285 reviews
https://airbnb.com/rooms/46586213,420 Friendly! Home away from home with a Vibe. - null - Las Vegas,Entire apartment in Las Vegas,4 guests Â· 1 bedroom Â· 1 bed Â· 2 baths,$87 / night,HottubÂ·PoolÂ·WifiÂ·Freeparking,Rating 4.25 out of 5;4.254 reviewsÂ (4),4 reviews
https://airbnb.com/rooms/42905309,"New! Las Vegas, 2b, Cozy Pool, By The Strip(5C15) - null - Las Vegas",Entire apartment in Las Vegas,6 guests Â· 2 bedrooms Â· 2 beds Â· 2 baths,$98 / night,HottubÂ·PoolÂ·WifiÂ·Freeparking,Rating 4.39 out of 5;4.3938 reviewsÂ (38),38 reviews
https://airbnb.com/rooms/35466304,Location..location...LOCATION!!! - null - Las Vegas,Entire condominium in Las Vegas,4 guests Â· 2 bedrooms Â· 2 beds Â· 1.5 baths,$100 / night,HottubÂ·PoolÂ·Freeparking,,
https://airbnb.com/rooms/22177354,1500sqft HUGE 1BDRM PalmsPlace 2Balconies VEGAS BB - null - Las Vegas,Entire apartment in Las Vegas,6 guests Â· 1 bedroom Â· 2 beds Â· 1.5 baths,$156 / night,HottubÂ·PoolÂ·WifiÂ·Freeparking,Rating 4.74 out of 5;4.74123 reviewsÂ (123),123 reviews
https://airbnb.com/rooms/42911403,Nice Private space near airport - null - Las Vegas,Entire townhouse in Las Vegas,2 guests Â· 1 bedroom Â· 1 bed Â· 1 bath,$35 / night,Wifi,,
https://airbnb.com/rooms/46755027,All-inclusive apartment home | 2BR in Henderson - null - Henderson,Entire serviced apartment in Henderson,5 guests Â· 2 bedrooms Â· 2 beds Â· 2 baths,$105 / night,PoolÂ·Wifi,,
https://airbnb.com/rooms/45848870,Efficient well located 1 bdrm - null - Las Vegas,Entire condominium in Las Vegas,1 guest Â· 1 bedroom Â· 1 bed Â· 1 bath,$58 / night,WifiÂ·Freeparking,,
https://airbnb.com/rooms/33857122,"Grand Desert Resort, 2 BR Lockoff, 2 BA, 8 guests - null - Las Vegas",Entire condominium in Las Vegas,8 guests Â· 2 bedrooms Â· 4 beds Â· 2 baths,$144 / night,GymÂ·ElevatorÂ·WifiÂ·Airconditioning,Rating 5.0 out of 5;5.05 reviewsÂ (5),5 reviews
https://airbnb.com/rooms/42364648,Beautiful studio with private enter and patio. - null - Las Vegas,Entire guest suite in Las Vegas,4 guests Â· 1 bedroom Â· 2 beds Â· 1 bath,$75 / night,WifiÂ·Selfcheck-inÂ·AirconditioningÂ·Petsallowed,Rating 5.0 out of 5;5.041 reviewsÂ (41),41 reviews
https://airbnb.com/rooms/13590028,By the strip large home with pool - null - Las Vegas,Entire house in Las Vegas,14 guests Â· 5 bedrooms Â· 6 beds Â· 3 baths,$140 / night,WifiÂ·Selfcheck-inÂ·AirconditioningÂ·Petsallowed,Rating 4.72 out of 5;4.7294 reviewsÂ (94),94 reviews
https://airbnb.com/rooms/29905174,Incredible private VEGAS OASIS with Pool&Spa WOW - null - Las Vegas,Entire villa in Las Vegas,8 guests Â· 3 bedrooms Â· 3 beds Â· 2 baths,$227 / night,WifiÂ·Selfcheck-inÂ·AirconditioningÂ·Petsallowed,Rating 4.37 out of 5;4.37110 reviewsÂ (110),110 reviews
https://airbnb.com/rooms/22525870,"P 57 Elite Penthouse 4,000sqft+Jacuzzi w/StripView - null - Las Vegas",Entire serviced apartment in Las Vegas,10 guests Â· 2 bedrooms Â· 7 beds Â· 2.5 baths,$769 / night,GymÂ·ElevatorÂ·WifiÂ·Selfcheck-in,Rating 4.75 out of 5;4.75106 reviewsÂ (106),106 reviews
https://airbnb.com/rooms/46088452,A place of your own | 1BR in Las Vegas - null - Las Vegas,Entire serviced apartment in Las Vegas,3 guests Â· 1 bedroom Â· 1 bed Â· 1 bath,$92 / night,GymÂ·WifiÂ·PetsallowedÂ·Pool,,
https://airbnb.com/rooms/41381961,Stunning 2 story furnished home in Green Valley - null - Henderson,Entire house in Henderson,4 guests Â· 4 bedrooms Â· 5 beds Â· 3 baths,$125 / night,IndoorfireplaceÂ·KitchenÂ·FreeparkingÂ·Dryer,,
https://airbnb.com/rooms/45738916,Amenity Packed House in North Las Vegas - null - North Las Vegas,Private room in North Las Vegas,2 guests Â· 1 bedroom Â· 2 beds Â· 1 shared bath,$40 / night,GymÂ·WifiÂ·Selfcheck-inÂ·Airconditioning,Rating 5.0 out of 5;5.03 reviewsÂ (3),3 reviews
https://airbnb.com/rooms/45068005,New! Few Min Away from Downtown & Strip(5CX)! - null - Las Vegas,Entire apartment in Las Vegas,6 guests Â· 2 bedrooms Â· 2 beds Â· 2 baths,$94 / night,GymÂ·WifiÂ·Selfcheck-inÂ·Airconditioning,Rating 4.47 out of 5;4.4717 reviewsÂ (17),17 reviews
https://airbnb.com/rooms/45602350,A place of your own | 2BR in Las Vegas - null - Las Vegas,Entire serviced apartment in Las Vegas,5 guests Â· 2 bedrooms Â· 2 beds Â· 2 baths,$139 / night,GymÂ·WifiÂ·PetsallowedÂ·Pool,,
https://airbnb.com/rooms/21162709,Lake Las Vegas Studio With View - null - Lake Las Vegas ,Entire condominium in Lake Las Vegas ,3 guests Â· Studio Â· 1 bed Â· 1 bath,$64 / night,GymÂ·ElevatorÂ·WifiÂ·Airconditioning,Rating 4.62 out of 5;4.62218 reviewsÂ (218),218 reviews
https://airbnb.com/rooms/17301917,æ¸©é¦¨å®¶åº­ to strip 1.8mile - null - Las Vegas,Private room in Las Vegas,1 guest Â· 1 bedroom Â· 1 bed Â· 1 shared bath,$25 / night,WifiÂ·AirconditioningÂ·FreeparkingÂ·Dryer,Rating 4.71 out of 5;4.71173 reviewsÂ (173),173 reviews
https://airbnb.com/rooms/45910669,Luxor Hotel and Casino Las Vegas - null - Las Vegas,Hotel room in Las Vegas,4 guests Â· 1 bedroom Â· 1 bed Â· 1 private bath,$57 / night,GymÂ·WifiÂ·AirconditioningÂ·Pool,Rating 4.50 out of 5;4.508 reviewsÂ (8),8 reviews
https://airbnb.com/rooms/44465206,"Comfy & cozy guest room, 12 min away from strip - null - Las Vegas",Private room in Las Vegas,2 guests Â· 1 bedroom Â· 1 bed Â· 1 shared bath,$35 / night,AirconditioningÂ·Kitchen,Rating 4.73 out of 5;4.7311 reviewsÂ (11),11 reviews
https://airbnb.com/rooms/45301816,Gorgeous Guest House 400 square feet Very clean. - null - Las Vegas,Entire guesthouse in Las Vegas,4 guests Â· 1 bedroom Â· 2 beds Â· 1 bath,$59 / night,WifiÂ·Selfcheck-inÂ·AirconditioningÂ·Kitchen,Rating 4.84 out of 5;4.8457 reviewsÂ (57),57 reviews
https://airbnb.com/rooms/46329793,A place of your own | 2BR in Las Vegas - null - Las Vegas,Entire serviced apartment in Las Vegas,5 guests Â· 2 bedrooms Â· 2 beds Â· 2 baths,$140 / night,GymÂ·WifiÂ·PetsallowedÂ·Pool,,
https://airbnb.com/rooms/17570628,Private room in a Cozy house - null - Las Vegas,Private room in Las Vegas,1 guest Â· 1 bedroom Â· 1 bed Â· 1 shared bath,$27 / night,AirconditioningÂ·Kitchen,Rating 4.50 out of 5;4.5018 reviewsÂ (18),18 reviews
https://airbnb.com/rooms/46409569,2bd/2ba Las Vegas Condo - null - Las Vegas,Entire serviced apartment in Las Vegas,6 guests Â· 2 bedrooms Â· 4 beds Â· 2 baths,$155 / night,GymÂ·BreakfastÂ·WifiÂ·Airconditioning,,
https://airbnb.com/rooms/24921921,"All are welcome
Private entrance&bathroom and A/C - null - Las Vegas",Private room in Las Vegas,4 guests Â· 1 bedroom Â· 2 beds Â· 1 private bath,$66 / night,WifiÂ·Selfcheck-inÂ·AirconditioningÂ·Freeparking,Rating 4.88 out of 5;4.88437 reviewsÂ (437),437 reviews
https://airbnb.com/rooms/45271441,Sin City Paradise - null - Las Vegas,Private room in Las Vegas,2 guests Â· 2 bedrooms Â· 1 bed Â· 1.5 shared baths,$24 / night,WifiÂ·AirconditioningÂ·PetsallowedÂ·Indoorfireplace,Rating 4.60 out of 5;4.6030 reviewsÂ (30),30 reviews
https://airbnb.com/rooms/43087967,"Private/single room, Sharing bath, Near Strip(R:4) - null - Las Vegas",Private room in Las Vegas,1 guest Â· 1 bedroom Â· 1 bed Â· 2.5 shared baths,$20 / night,WifiÂ·Freeparking,Rating 4.33 out of 5;4.333 reviewsÂ (3),3 reviews
https://airbnb.com/rooms/46462113,Convenient Room 6 - null - Las Vegas,Private room in Las Vegas,2 guests Â· 1 bedroom Â· 0 beds Â· 0 shared baths,$25 / night,WifiÂ·Freeparking,,
https://airbnb.com/rooms/43087901,"Private/single room, Sharing bath, Near strip(R:3) - null - Las Vegas",Private room in Las Vegas,2 guests Â· 1 bedroom Â· 1 bed Â· 2.5 shared baths,$21 / night,WifiÂ·Freeparking,,
https://airbnb.com/rooms/21762034,THE SPOT IN LAS VEGAS - null - Las Vegas,Private room in Las Vegas,2 guests Â· 1 bedroom Â· 1 bed Â· 1 private bath,$61 / night,WifiÂ·Freeparking,Rating 4.95 out of 5;4.95260 reviewsÂ (260),260 reviews
https://airbnb.com/rooms/46608165,â‘¡LasVegas B&B.familyhotel.save. economy.save money - null - Las Vegas,Shared room in Las Vegas,1 guest Â· 1 bedroom Â· 1 bed Â· 2 shared baths,$20 / night,HottubÂ·WifiÂ·Freeparking,,
https://airbnb.com/rooms/46475048,A place of your own | Studio in Las Vegas - null - Las Vegas,Entire serviced apartment in Las Vegas,1 guest Â· Studio Â· 1 bed Â· 1 bath,$87 / night,PoolÂ·Wifi,,
https://airbnb.com/rooms/34248631,Livadia of Las Vegas - null - Las Vegas,Entire townhouse in Las Vegas,5 guests Â· 2 bedrooms Â· 2 beds Â· 2.5 baths,$87 / night,WifiÂ·Freeparking,,
https://airbnb.com/rooms/44989883,"On the Strip!  Ultra Luxury  Ultra Clean
4 B Condo - null - Las Vegas",Entire condominium in Las Vegas,8 guests Â· 4 bedrooms Â· 5 beds Â· 5 baths,$180 / night,HottubÂ·PoolÂ·WifiÂ·Freeparking,,
https://airbnb.com/rooms/45161087,A place of your own | Studio in Las Vegas - null - Las Vegas,Entire serviced apartment in Las Vegas,1 guest Â· Studio Â· 1 bed Â· 1 bath,$87 / night,PoolÂ·Wifi,,
https://airbnb.com/rooms/6987603,King Solomons Court One Bedroom Apt - null - Las Vegas,Entire guest suite in Las Vegas,4 guests Â· 1 bedroom Â· 2 beds Â· 1 bath,$48 / night,WifiÂ·Freeparking,Rating 4.92 out of 5;4.9272 reviewsÂ (72),72 reviews
https://airbnb.com/rooms/43713621,La Vie - null - Las Vegas,Private room in Las Vegas,2 guests Â· 1 bedroom Â· 1 bed Â· 1 shared bath,$34 / night,WifiÂ·Freeparking,Rating 4.29 out of 5;4.2917 reviewsÂ (17),17 reviews
https://airbnb.com/rooms/19595528,Las Vegas Vacation Home - null - Las Vegas,Entire house in Las Vegas,6 guests Â· 3 bedrooms Â· 4 beds Â· 2 baths,$76 / night,WifiÂ·Freeparking,Rating 5.0 out of 5;5.09 reviewsÂ (9),9 reviews
https://airbnb.com/rooms/45425422,Spacious clean and cozy bedroom - null - North Las Vegas,Private room in North Las Vegas,2 guests Â· 1 bedroom Â· 1 bed Â· 1 shared bath,$48 / night,HottubÂ·WifiÂ·Freeparking,Rating 5.0 out of 5;5.013 reviewsÂ (13),13 reviews
https://airbnb.com/rooms/45864357,PRIVATE ROOM QUEEN PILLOWTOP w POOL Near Strip - null - Las Vegas,Private room in Las Vegas,2 guests Â· 1 bedroom Â· 1 bed Â· 1.5 shared baths,$39 / night,PoolÂ·WifiÂ·Freeparking,Rating 5.0 out of 5;5.07 reviewsÂ (7),7 reviews
https://airbnb.com/rooms/37719707,"Spacious private room,  close to strip & airport - null - Las Vegas",Private room in Las Vegas,2 guests Â· 1 bedroom Â· 1 bed Â· 1.5 shared baths,$40 / night,WifiÂ·Freeparking,Rating 4.95 out of 5;4.9541 reviewsÂ (41),41 reviews
https://airbnb.com/rooms/46834573,Good Deal Room 5 - null - Las Vegas,Private room in Las Vegas,2 guests Â· 1 bedroom Â· 1 bed Â· 0 shared baths,$25 / night,WifiÂ·Freeparking,,
https://airbnb.com/rooms/45398157,Wyndham Grand desert 1BDRM - null - Las Vegas,Entire villa in Las Vegas,4 guests Â· 1 bedroom Â· 2 beds Â· 1 bath,$76 / night,HottubÂ·PoolÂ·WifiÂ·Freeparking,,
https://airbnb.com/rooms/31042599,Long  term special #4 - null - Las Vegas,Private room in Las Vegas,2 guests Â· 1 bedroom Â· 1 bed Â· 1 bath,$31 / night,PoolÂ·WifiÂ·Freeparking,Rating 4.89 out of 5;4.899 reviewsÂ (9),9 reviews
https://airbnb.com/rooms/31123139,Fremont Experience- Sparkling clean/self check-in! - null - Las Vegas,Private room in Las Vegas,2 guests Â· 1 bedroom Â· 1 bed Â· 1 shared bath,$53 / night,WifiÂ·Freeparking,Rating 4.82 out of 5;4.8271 reviewsÂ (71),71 reviews
https://airbnb.com/rooms/42279595,"Private room in the southwest, 15 mins from strip - null - Las Vegas",Private room in Las Vegas,2 guests Â· 1 bedroom Â· 1 bed Â· 1.5 shared baths,$32 / night,WifiÂ·Freeparking,,
https://airbnb.com/rooms/46939695,"Great place if your on the go ,420&pet friendly - null - Las Vegas",Entire condominium in Las Vegas,2 guests Â· Studio Â· 1 bed Â· Half-bath,$63 / night,WifiÂ·AirconditioningÂ·PetsallowedÂ·Freeparking,,
https://airbnb.com/rooms/40456779,Grandview Las Vegas A Family Friendly Resort - null - Las Vegas,Resort room in Las Vegas,4 guests Â· 1 bedroom Â· 2 beds Â· 1 private bath,$82 / night,GymÂ·ElevatorÂ·WifiÂ·Airconditioning,,
https://airbnb.com/rooms/45469941,39th Floor Strip View Balcony Suite NO RESORT FEE! - null - Las Vegas,Entire condominium in Las Vegas,4 guests Â· Studio Â· 2 beds Â· 1 bath,$77 / night,GymÂ·ElevatorÂ·WifiÂ·Selfcheck-in,Rating 4.77 out of 5;4.7713 reviewsÂ (13),13 reviews
https://airbnb.com/rooms/18675317,"Large studio apartment, can sleep 6, Private pool! - null - Las Vegas",Entire guest suite in Las Vegas,8 guests Â· Studio Â· 3 beds Â· 1 bath,$51 / night,WifiÂ·Selfcheck-inÂ·AirconditioningÂ·Petsallowed,Rating 4.55 out of 5;4.55144 reviewsÂ (144),144 reviews
https://airbnb.com/rooms/46475030,A place of your own | Studio in Las Vegas - null - Las Vegas,Entire serviced apartment in Las Vegas,1 guest Â· Studio Â· 1 bed Â· 1 bath,$89 / night,GymÂ·WifiÂ·PetsallowedÂ·Pool,,
https://airbnb.com/rooms/33138599,Private room in house with a pool spa and BBQ - null - Las Vegas,Private room in Las Vegas,2 guests Â· 1 bedroom Â· 1 bed Â· 1 shared bath,$22 / night,WifiÂ·Selfcheck-inÂ·AirconditioningÂ·Indoorfireplace,Rating 4.90 out of 5;4.9031 reviewsÂ (31),31 reviews
https://airbnb.com/rooms/46329763,A place of your own | 2BR in Las Vegas - null - Las Vegas,Entire serviced apartment in Las Vegas,5 guests Â· 2 bedrooms Â· 2 beds Â· 2 baths,$141 / night,GymÂ·WifiÂ·PetsallowedÂ·Pool,,
https://airbnb.com/rooms/46813613,A place of your own | 1BR in Las Vegas - null - Las Vegas,Entire serviced apartment in Las Vegas,3 guests Â· 1 bedroom Â· 1 bed Â· 1 bath,$95 / night,GymÂ·WifiÂ·PetsallowedÂ·Pool,,
https://airbnb.com/rooms/45602359,A place of your own | Studio in Las Vegas - null - Las Vegas,Entire serviced apartment in Las Vegas,1 guest Â· Studio Â· 1 bed Â· 1 bath,$87 / night,GymÂ·WifiÂ·PetsallowedÂ·Pool,,
https://airbnb.com/rooms/45351582,Wyndham Grand desert 1 BDRM - null - Las Vegas,Entire villa in Las Vegas,4 guests Â· 1 bedroom Â· 2 beds Â· 1 bath,$75 / night,GymÂ·ElevatorÂ·WifiÂ·Selfcheck-in,,
https://airbnb.com/rooms/45723670,"Cozy and Comfortable, 2BD Spacious Condo (3C04) - null - Las Vegas",Entire apartment in Las Vegas,6 guests Â· 2 bedrooms Â· 3 beds Â· 2 baths,$87 / night,WifiÂ·Selfcheck-inÂ·AirconditioningÂ·Kitchen,Rating 4.50 out of 5;4.508 reviewsÂ (8),8 reviews
https://airbnb.com/rooms/46021695,Spacious Home 15 Minutes From The Strip - null - Las Vegas,Entire house in Las Vegas,5 guests Â· 2 bedrooms Â· 2 beds Â· 2.5 baths,$166 / night,WifiÂ·AirconditioningÂ·KitchenÂ·Freeparking,,
https://airbnb.com/rooms/35010870,"Downtown modern loft, walk to Fremont St - null - Las Vegas",Entire condominium in Las Vegas,2 guests Â· Studio Â· 1 bed Â· 1 bath,$64 / night,GymÂ·ElevatorÂ·WifiÂ·Airconditioning,Rating 5.0 out of 5;5.05 reviewsÂ (5),5 reviews
https://airbnb.com/rooms/47224428,"Gorgeous 2bd suite desert getaway Las Vegas,hottub - null - Las Vegas",Entire condominium in Las Vegas,8 guests Â· 2 bedrooms Â· 3 beds Â· 1 bath,$136 / night,GymÂ·WifiÂ·AirconditioningÂ·Pool,,
https://airbnb.com/rooms/32550829,Hospitality House - null - Las Vegas,Private room in Las Vegas,1 guest Â· 1 bedroom Â· 0 beds Â· 1 shared bath,$28 / night,WifiÂ·AirconditioningÂ·IndoorfireplaceÂ·Kitchen,Rating 4.55 out of 5;4.55104 reviewsÂ (104),104 reviews
https://airbnb.com/rooms/10660070,"Comfort done with style,  $1799 per month - null - Las Vegas",Entire townhouse in Las Vegas,6 guests Â· 2 bedrooms Â· 2 beds Â· 2 baths,$59 / night,WifiÂ·Selfcheck-inÂ·AirconditioningÂ·Pool,Rating 4.73 out of 5;4.7311 reviewsÂ (11),11 reviews
https://airbnb.com/rooms/20969733,Corner 1bdrm  Posh  Luxury Condo Palms Kitchen U - null - Las Vegas,Entire apartment in Las Vegas,6 guests Â· 1 bedroom Â· 2 beds Â· 1.5 baths,$142 / night,GymÂ·ElevatorÂ·WifiÂ·Selfcheck-in,Rating 4.56 out of 5;4.56227 reviewsÂ (227),227 reviews
https://airbnb.com/rooms/37427473,Paradise in Las Vegas (near  to the airport) - null - Las Vegas,Entire guest suite in Las Vegas,3 guests Â· 1 bedroom Â· 3 beds Â· 1 bath,$66 / night,BreakfastÂ·WifiÂ·AirconditioningÂ·Kitchen,Rating 4.81 out of 5;4.8197 reviewsÂ (97),97 reviews
https://airbnb.com/rooms/40331445,#2 cozy room near strip - null - Las Vegas ,Private room in Las Vegas ,2 guests Â· Studio Â· 1 bed Â· 1 shared bath,$20 / night,WifiÂ·AirconditioningÂ·KitchenÂ·Freeparking,,
https://airbnb.com/rooms/16479650,P 58 Penthouse w/Jacuzzi on Balcony | Sleeps 6 - null - Las Vegas,Entire serviced apartment in Las Vegas,6 guests Â· 1 bedroom Â· 3 beds Â· 1.5 baths,$586 / night,GymÂ·ElevatorÂ·WifiÂ·Selfcheck-in,Rating 4.76 out of 5;4.76103 reviewsÂ (103),103 reviews
